"ENTITY_ID","SYS_ID","NAME_TYPE","FIRST_NAME","MIDDLE_NAME","SURNAME","SUFFIX","ENTITY_NAME","ENGLISH_NAME","SINGLE_STRING_NAME","ORIGINAL_SCRIPT_NAME","FALSE_POSITIVE","FALSE_POSITIVE_EXPIRY_DT","APPROVAL_STATUS","SUB_ENTITY_ID","CATEGORY","HIGH_RISK_COUNTRY","HIGH_RISK_COUNTRY_SCORE","INFO_SOURCE","ORG_ID","ACTION","ID_REF_NO","BATCH_NO","BATCH_DATE"
"AMLO-B4A9A69272B0","B4A9A69272B0004","Primary Name","ปิยาพร","","ปองภพ","นางสาว","PERSON","","นางสาวปิยาพร ปองภพ","","0","0","0","","","","0","HR-03-2","","ADD","","F5D33BE9A430","20221124"
"AMLO-A1FC0F120B5A","A1FC0F120B5A004","Primary Name","ปีวรา","","ปองภพ","นางสาว","PERSON","","นางสาวปีวรา ปองภพ","","0","0","0","","","","0","HR-03-2","","ADD","","F5D33BE9A430","20221124"
"AMLO-DC94A4E6D895","DC94A4E6D895004","Primary Name","ปุญญิศา","","ปิติพงศ์","นางสาว","PERSON","","นางสาวปุญญิศา ปิติพงศ์","","0","0","0","","","","0","HR-03-2","","ADD","","F5D33BE9A430","20221124"
"AMLO-1EC839964331","1EC839964331004","Primary Name","เปรมา","","ปิติภัทร","นางสาว","PERSON","","นางสาวเปรมา ปิติภัทร","","0","0","0","","","","0","HR-03-2","","ADD","","F5D33BE9A430","20221124"
"AMLO-F360562213D4","F360562213D4004","Primary Name","ฝนแก้ว","","ปิติภูมิ","นางสาว","PERSON","","นางสาวฝนแก้ว ปิติภูมิ","","0","0","0","","","","0","HR-03-2","","ADD","","F5D33BE9A430","20221124"
"AMLO-F93F177E739C","F93F177E739C004","Primary Name","พชรี","","ปิติวัฒน์","นางสาว","PERSON","","นางสาวพชรี ปิติวัฒน์","","0","0","0","","","","0","HR-03-2","","ADD","","F5D33BE9A430","20221124"
"AMLO-9F9A4BE7DCDA","9F9A4BE7DCDA004","Primary Name","พนิตา","","ปิยรมย์","นางสาว","PERSON","","นางสาวพนิตา ปิยรมย์","","0","0","0","","","","0","HR-03-2","","ADD","","F5D33BE9A430","20221124"
"AMLO-46120D803BA3","46120D803BA3004","Primary Name","พรทิพา","","ปิยะพล","นางสาว","PERSON","","นางสาวพรทิพา ปิยะพล","","0","0","0","","","","0","HR-03-2","","ADD","","F5D33BE9A430","20221124"
"AMLO-9F7F98B60EAB","9F7F98B60EAB004","Primary Name","พรพรรณ","","ปิยะพัทธ์","นางสาว","PERSON","","นางสาวพรพรรณ ปิยะพัทธ์","","0","0","0","","","","0","HR-03-2","","ADD","","F5D33BE9A430","20221124"
"AMLO-25A6762949A2","25A6762949A2004","Primary Name","พรพักตร์","","ปุณพจน์","นางสาว","PERSON","","นางสาวพรพักตร์ ปุณพจน์","","0","0","0","","","","0","HR-03-2","","ADD","","F5D33BE9A430","20221124"
"AMLO-A4F94C3783C4","A4F94C3783C4004","Primary Name","พรพินิต","","พงศ์","นางสาว","PERSON","","นางสาวพรพินิต พงศ์","","0","0","0","","","","0","HR-03-2","","ADD","","F5D33BE9A430","20221124"
"AMLO-E1A7B25B4B6A","E1A7B25B4B6A004","Primary Name","พรพิมล","","พงษ์","นางสาว","PERSON","","นางสาวพรพิมล พงษ์","","0","0","0","","","","0","HR-03-2","","ADD","","F5D33BE9A430","20221124"
"AMLO-E1C2A045CCD8","E1C2A045CCD8004","Primary Name","พรรณวร","","พงศกร","นางสาว","PERSON","","นางสาวพรรณวร พงศกร","","0","0","0","","","","0","HR-03-2","","ADD","","F5D33BE9A430","20221124"
"AMLO-F50D8B7FCA45","F50D8B7FCA45004","Primary Name","พริมา","","พงศธร","นางสาว","PERSON","","นางสาวพริมา พงศธร","","0","0","0","","","","0","HR-03-2","","ADD","","F5D33BE9A430","20221124"
"AMLO-119B4720B096","119B4720B096004","Primary Name","พัชญ์ธนัน","","พงศ์พัฒน์","นางสาว","PERSON","","นางสาวพัชญ์ธนัน พงศ์พัฒน์","","0","0","0","","","","0","HR-03-2","","ADD","","F5D33BE9A430","20221124"
"AMLO-CB8F78510B72","CB8F78510B72004","Primary Name","พัชรียา","","พงศพัศ","นางสาว","PERSON","","นางสาวพัชรียา พงศพัศ","","0","0","0","","","","0","HR-03-2","","ADD","","F5D33BE9A430","20221124"
"AMLO-5C1B9B094062","5C1B9B094062004","Primary Name","พัทธมน","","พงศ์พิสุทธิ์","นางสาว","PERSON","","นางสาวพัทธมน พงศ์พิสุทธิ์","","0","0","0","","","","0","HR-03-2","","ADD","","F5D33BE9A430","20221124"
"AMLO-E9403C42A158","E9403C42A158004","Primary Name","พาฝัน","","พงศภัค","นางสาว","PERSON","","นางสาวพาฝัน พงศภัค","","0","0","0","","","","0","HR-03-2","","ADD","","F5D33BE9A430","20221124"
"AMLO-DD5075EAD961","DD5075EAD961004","Primary Name","พิชญ์สินี","","พงษกรณ์","นางสาว","PERSON","","นางสาวพิชญ์สินี พงษกรณ์","","0","0","0","","","","0","HR-03-2","","ADD","","F5D33BE9A430","20221124"
"AMLO-A4AA5F04B160","A4AA5F04B160004","Primary Name","พิชญาภรณ์","","พงษ์นรินทร์","นางสาว","PERSON","","นางสาวพิชญาภรณ์ พงษ์นรินทร์","","0","0","0","","","","0","HR-03-2","","ADD","","F5D33BE9A430","20221124"
"AMLO-4226039C9414","4226039C9414004","Primary Name","พิชญาภา","","พงษ์ศักดิ์","นางสาว","PERSON","","นางสาวพิชญาภา พงษ์ศักดิ์","","0","0","0","","","","0","HR-03-2","","ADD","","F5D33BE9A430","20221124"
"AMLO-04F0574C953C","04F0574C953C004","Primary Name","พิณ","","พงษ์สิทธิ์","นางสาว","PERSON","","นางสาวพิณ พงษ์สิทธิ์","","0","0","0","","","","0","HR-03-2","","ADD","","F5D33BE9A430","20221124"
"AMLO-3EA67B7650E6","3EA67B7650E6004","Primary Name","พิมพ์","","พงษ์อนันต์","นางสาว","PERSON","","นางสาวพิมพ์ พงษ์อนันต์","","0","0","0","","","","0","HR-03-2","","ADD","","F5D33BE9A430","20221124"
"AMLO-0CE25B1D31B0","0CE25B1D31B0004","Primary Name","พิมพ์ทอง","","พชร","นางสาว","PERSON","","นางสาวพิมพ์ทอง พชร","","0","0","0","","","","0","HR-03-2","","ADD","","F5D33BE9A430","20221124"
"AMLO-A18B16DC8240","A18B16DC8240004","Primary Name","พิมพ์ภา","","พชระ","นางสาว","PERSON","","นางสาวพิมพ์ภา พชระ","","0","0","0","","","","0","HR-03-2","","ADD","","F5D33BE9A430","20221124"
"AMLO-DA0FB94E2BE2","DA0FB94E2BE2004","Primary Name","พิมพ์สุดา","","พนาวัฒน์","นางสาว","PERSON","","นางสาวพิมพ์สุดา พนาวัฒน์","","0","0","0","","","","0","HR-03-2","","ADD","","F5D33BE9A430","20221124"
"AMLO-C7402CC38B48","C7402CC38B48004","Primary Name","พิมพา","","พรต","นางสาว","PERSON","","นางสาวพิมพา พรต","","0","0","0","","","","0","HR-03-2","","ADD","","F5D33BE9A430","20221124"
"AMLO-BD233CE74C3D","BD233CE74C3D004","Primary Name","พิสชา","","พรรษา","นางสาว","PERSON","","นางสาวพิสชา พรรษา","","0","0","0","","","","0","HR-03-2","","ADD","","F5D33BE9A430","20221124"
"AMLO-DA44306E2BF8","DA44306E2BF8004","Primary Name","พีรดา","","พร้อมพงศ์","นางสาว","PERSON","","นางสาวพีรดา พร้อมพงศ์","","0","0","0","","","","0","HR-03-2","","ADD","","F5D33BE9A430","20221124"
"AMLO-7B0C17DAE8BE","7B0C17DAE8BE004","Primary Name","พีรยา","","พลกฤต","นางสาว","PERSON","","นางสาวพีรยา พลกฤต","","0","0","0","","","","0","HR-03-2","","ADD","","F5D33BE9A430","20221124"
"AMLO-65D55E6B8D7D","65D55E6B8D7D004","Primary Name","แพรพิไล","","พลภัทร","นางสาว","PERSON","","นางสาวแพรพิไล พลภัทร","","0","0","0","","","","0","HR-03-2","","ADD","","F5D33BE9A430","20221124"
"AMLO-827283D52FA5","827283D52FA5004","Primary Name","แพรวา","","พลาธร","นางสาว","PERSON","","นางสาวแพรวา พลาธร","","0","0","0","","","","0","HR-03-2","","ADD","","F5D33BE9A430","20221124"
"AMLO-E0F62A78D190","E0F62A78D190004","Primary Name","ภัคธีมา","","พสธร","นางสาว","PERSON","","นางสาวภัคธีมา พสธร","","0","0","0","","","","0","HR-03-2","","ADD","","F5D33BE9A430","20221124"
"AMLO-CB80E61C585E","CB80E61C585E004","Primary Name","ภัทรพร ","","พสิษฐ์","นางสาว","PERSON","","นางสาวภัทรพร  พสิษฐ์","","0","0","0","","","","0","HR-03-2","","ADD","","F5D33BE9A430","20221124"
"AMLO-1FE23D3AFA0D","1FE23D3AFA0D004","Primary Name","ภาดา","","พัชรวรรธ","นางสาว","PERSON","","นางสาวภาดา พัชรวรรธ","","0","0","0","","","","0","HR-03-2","","ADD","","F5D33BE9A430","20221124"
"AMLO-794EA6BFAA64","794EA6BFAA64004","Primary Name","ภาภร","","พัฒน์","นางสาว","PERSON","","นางสาวภาภร พัฒน์","","0","0","0","","","","0","HR-03-2","","ADD","","F5D33BE9A430","20221124"
"AMLO-EC77C9A1E127","EC77C9A1E127004","Primary Name","ภาวดี","","พัฒนกิจ","นางสาว","PERSON","","นางสาวภาวดี พัฒนกิจ","","0","0","0","","","","0","HR-03-2","","ADD","","F5D33BE9A430","20221124"
"AMLO-7E61F7BE8504","7E61F7BE8504004","Primary Name","ภาวิดา","","พัฒนเดช","นางสาว","PERSON","","นางสาวภาวิดา พัฒนเดช","","0","0","0","","","","0","HR-03-2","","ADD","","F5D33BE9A430","20221124"
"AMLO-E31B72E5A9C9","E31B72E5A9C9004","Primary Name","ภาสิกา","","พัฒนพงษ์","นางสาว","PERSON","","นางสาวภาสิกา พัฒนพงษ์","","0","0","0","","","","0","HR-03-2","","ADD","","F5D33BE9A430","20221124"
"AMLO-EE2937E5DEA1","EE2937E5DEA1004","Primary Name","ภูวดี","","พัฒนพล","นางสาว","PERSON","","นางสาวภูวดี พัฒนพล","","0","0","0","","","","0","HR-03-2","","ADD","","F5D33BE9A430","20221124"
"AMLO-E0A6A8CEFD9F","E0A6A8CEFD9F004","Primary Name","มัลลิกา","","พัฒนภัทร","นางสาว","PERSON","","นางสาวมัลลิกา พัฒนภัทร","","0","0","0","","","","0","HR-03-2","","ADD","","F5D33BE9A430","20221124"
"AMLO-9D0F09DDE7DE","9D0F09DDE7DE004","Primary Name","มาริกา","","พัฒนภูมิ","นางสาว","PERSON","","นางสาวมาริกา พัฒนภูมิ","","0","0","0","","","","0","HR-03-2","","ADD","","F5D33BE9A430","20221124"
"AMLO-EB785A8D4856","EB785A8D4856004","Primary Name","มาริญา","","พิชญ์","นางสาว","PERSON","","นางสาวมาริญา พิชญ์","","0","0","0","","","","0","HR-03-2","","ADD","","F5D33BE9A430","20221124"
"AMLO-FB1AC61CFFCC","FB1AC61CFFCC004","Primary Name","มาริษา","","พิชญะ","นางสาว","PERSON","","นางสาวมาริษา พิชญะ","","0","0","0","","","","0","HR-03-2","","ADD","","F5D33BE9A430","20221124"
"AMLO-5E9FEE9B8C55","5E9FEE9B8C55004","Primary Name","มาริสา","","พิชัย","นางสาว","PERSON","","นางสาวมาริสา พิชัย","","0","0","0","","","","0","HR-03-2","","ADD","","F5D33BE9A430","20221124"
"AMLO-D92C78559B73","D92C78559B73004","Primary Name","เมนิลา","","เพชรชรัชต์","นางสาว","PERSON","","นางสาวเมนิลา เพชรชรัชต์","","0","0","0","","","","0","HR-03-2","","ADD","","F5D33BE9A430","20221124"
"AMLO-628E364D3052","628E364D3052004","Primary Name","เมริสา","","ภคพงศ์","นางสาว","PERSON","","นางสาวเมริสา ภคพงศ์","","0","0","0","","","","0","HR-03-2","","ADD","","F5D33BE9A430","20221124"
"AMLO-7DE9F477E35A","7DE9F477E35A004","Primary Name","เมษา","","ภคพล","นางสาว","PERSON","","นางสาวเมษา ภคพล","","0","0","0","","","","0","HR-03-2","","ADD","","F5D33BE9A430","20221124"
"AMLO-F8FEBB4A5D3E","F8FEBB4A5D3E004","Primary Name","รณพร","","ภคภัทร","นางสาว","PERSON","","นางสาวรณพร ภคภัทร","","0","0","0","","","","0","HR-03-2","","ADD","","F5D33BE9A430","20221124"
"AMLO-347B0A6FF77B","347B0A6FF77B004","Primary Name","รติมา","","ภัทร","นางสาว","PERSON","","นางสาวรติมา ภัทร","","0","0","0","","","","0","HR-03-2","","ADD","","F5D33BE9A430","20221124"
"AMLO-2168F9DA39A1","2168F9DA39A1004","Primary Name","รสนันท์","","ภาคภูมิ","นางสาว","PERSON","","นางสาวรสนันท์ ภาคภูมิ","","0","0","0","","","","0","HR-03-2","","ADD","","F5D33BE9A430","20221124"
"AMLO-E8DB6E3EAB0A","E8DB6E3EAB0A004","Primary Name","รักษา","","ภาคิน","นางสาว","PERSON","","นางสาวรักษา ภาคิน","","0","0","0","","","","0","HR-03-2","","ADD","","F5D33BE9A430","20221124"
"AMLO-F838A0CDF4A8","F838A0CDF4A8004","Primary Name","รัชชนก","","ภาณุพล","นางสาว","PERSON","","นางสาวรัชชนก ภาณุพล","","0","0","0","","","","0","HR-03-2","","ADD","","F5D33BE9A430","20221124"
"AMLO-6B431A587BEC","6B431A587BEC004","Primary Name","รัญชน์","","ภาธร","นางสาว","PERSON","","นางสาวรัญชน์ ภาธร","","0","0","0","","","","0","HR-03-2","","ADD","","F5D33BE9A430","20221124"
"AMLO-139696AFBCB2","139696AFBCB2004","Primary Name","รัญชนา","","ภาสกร","นางสาว","PERSON","","นางสาวรัญชนา ภาสกร","","0","0","0","","","","0","HR-03-2","","ADD","","F5D33BE9A430","20221124"
"AMLO-9882064B5938","9882064B5938004","Primary Name","รัตน์","","ภาสกร","นางสาว","PERSON","","นางสาวรัตน์ ภาสกร","","0","0","0","","","","0","HR-03-2","","ADD","","F5D33BE9A430","20221124"
"AMLO-D6351F2E41C2","D6351F2E41C2004","Primary Name","เรยา","","ภีมพัฒน์","นางสาว","PERSON","","นางสาวเรยา ภีมพัฒน์","","0","0","0","","","","0","HR-03-2","","ADD","","F5D33BE9A430","20221124"
"AMLO-F073C48B7919","F073C48B7919004","Primary Name","ไรยา","","ภูดิส","นางสาว","PERSON","","นางสาวไรยา ภูดิส","","0","0","0","","","","0","HR-03-2","","ADD","","F5D33BE9A430","20221124"
"AMLO-27E2F17677CB","27E2F17677CB004","Primary Name","ลักษ์วิสา","","ภูบดินทร์","นางสาว","PERSON","","นางสาวลักษ์วิสา ภูบดินทร์","","0","0","0","","","","0","HR-03-2","","ADD","","F5D33BE9A430","20221124"
"AMLO-709F0C3D0767","709F0C3D0767004","Primary Name","ลักษิกา","","ภูมิ","นางสาว","PERSON","","นางสาวลักษิกา ภูมิ","","0","0","0","","","","0","HR-03-2","","ADD","","F5D33BE9A430","20221124"
"AMLO-2AF28BC562A9","2AF28BC562A9004","Primary Name","ลักษิมา","","ภูมิพัฒน์","นางสาว","PERSON","","นางสาวลักษิมา ภูมิพัฒน์","","0","0","0","","","","0","HR-03-2","","ADD","","F5D33BE9A430","20221124"
"AMLO-BF0051648EDE","BF0051648EDE004","Primary Name","ลาภิน","","ภูริณัฐ","นางสาว","PERSON","","นางสาวลาภิน ภูริณัฐ","","0","0","0","","","","0","HR-03-2","","ADD","","F5D33BE9A430","20221124"
"AMLO-CA1AFD6741C5","CA1AFD6741C5004","Primary Name","ไลลา","","ภูริทัต","นางสาว","PERSON","","นางสาวไลลา ภูริทัต","","0","0","0","","","","0","HR-03-2","","ADD","","F5D33BE9A430","20221124"
"AMLO-DDABDC727C42","DDABDC727C42004","Primary Name","วรรณพร","","ภูริพัฒน์","นางสาว","PERSON","","นางสาววรรณพร ภูริพัฒน์","","0","0","0","","","","0","HR-03-2","","ADD","","F5D33BE9A430","20221124"
"AMLO-777664BD54D0","777664BD54D0004","Primary Name","วรรณภา","","ภูริวัฒน์","นางสาว","PERSON","","นางสาววรรณภา ภูริวัฒน์","","0","0","0","","","","0","HR-03-2","","ADD","","F5D33BE9A430","20221124"
"AMLO-150F0CC7DFD0","150F0CC7DFD0004","Primary Name","วรรณฤดี","","ภูวดล","นางสาว","PERSON","","นางสาววรรณฤดี ภูวดล","","0","0","0","","","","0","HR-03-2","","ADD","","F5D33BE9A430","20221124"
"AMLO-FA4C20CC65CF","FA4C20CC65CF004","Primary Name","วรรณวิภา","","ภูวเดช","นางสาว","PERSON","","นางสาววรรณวิภา ภูวเดช","","0","0","0","","","","0","HR-03-2","","ADD","","F5D33BE9A430","20221124"
"AMLO-5C3F87308310","5C3F87308310004","Primary Name","วรรณิศา","","ภูวนัย","นางสาว","PERSON","","นางสาววรรณิศา ภูวนัย","","0","0","0","","","","0","HR-03-2","","ADD","","F5D33BE9A430","20221124"
"AMLO-73FAC7E08AE1","73FAC7E08AE1004","Primary Name","วรันธร","","ยศกร","นางสาว","PERSON","","นางสาววรันธร ยศกร","","0","0","0","","","","0","HR-03-2","","ADD","","F5D33BE9A430","20221124"
"AMLO-A7890E5781BD","A7890E5781BD004","Primary Name","วลัยพร","","ยศธร","นางสาว","PERSON","","นางสาววลัยพร ยศธร","","0","0","0","","","","0","HR-03-2","","ADD","","F5D33BE9A430","20221124"
"AMLO-7CCE34CBBE99","7CCE34CBBE99004","Primary Name","วลีรัตน์","","ยศพล","นางสาว","PERSON","","นางสาววลีรัตน์ ยศพล","","0","0","0","","","","0","HR-03-2","","ADD","","F5D33BE9A430","20221124"
"AMLO-2FC16101B1DF","2FC16101B1DF004","Primary Name","วัศยา","","ยศพัฒน์","นางสาว","PERSON","","นางสาววัศยา ยศพัฒน์","","0","0","0","","","","0","HR-03-2","","ADD","","F5D33BE9A430","20221124"
"AMLO-CB504EFAF865","CB504EFAF865004","Primary Name","วิชญาพร","","ยศภัทร","นางสาว","PERSON","","นางสาววิชญาพร ยศภัทร","","0","0","0","","","","0","HR-03-2","","ADD","","F5D33BE9A430","20221124"
"AMLO-4EAB87821D30","4EAB87821D30004","Primary Name","วิมลพร","","รชานนท์","นางสาว","PERSON","","นางสาววิมลพร รชานนท์","","0","0","0","","","","0","HR-03-2","","ADD","","F5D33BE9A430","20221124"
"AMLO-AE82D938C8CA","AE82D938C8CA004","Primary Name","วิมลพักตร์","","รังสิมันต์","นางสาว","PERSON","","นางสาววิมลพักตร์ รังสิมันต์","","0","0","0","","","","0","HR-03-2","","ADD","","F5D33BE9A430","20221124"
"AMLO-84C46450F96E","84C46450F96E004","Primary Name","วิมลรัตน์","","รัฐภาคย์","นางสาว","PERSON","","นางสาววิมลรัตน์ รัฐภาคย์","","0","0","0","","","","0","HR-03-2","","ADD","","F5D33BE9A430","20221124"
"AMLO-2D8D77A0F099","2D8D77A0F099004","Primary Name","วิมลวรรณ","","รุ่งโรจน์","นางสาว","PERSON","","นางสาววิมลวรรณ รุ่งโรจน์","","0","0","0","","","","0","HR-03-2","","ADD","","F5D33BE9A430","20221124"
"AMLO-FF3468684F0E","FF3468684F0E004","Primary Name","วิสาข์","","เรวัต","นางสาว","PERSON","","นางสาววิสาข์ เรวัต","","0","0","0","","","","0","HR-03-2","","ADD","","F5D33BE9A430","20221124"
"AMLO-2A258D6F7327","2A258D6F7327004","Primary Name","แววพรรณ","","เรวิทย์","นางสาว","PERSON","","นางสาวแววพรรณ เรวิทย์","","0","0","0","","","","0","HR-03-2","","ADD","","F5D33BE9A430","20221124"
"AMLO-2F7EEA7849DC","2F7EEA7849DC004","Primary Name","ศศิ","","วรยศ","นางสาว","PERSON","","นางสาวศศิ วรยศ","","0","0","0","","","","0","HR-03-2","","ADD","","F5D33BE9A430","20221124"
"AMLO-9C6E19CAA871","9C6E19CAA871004","Primary Name","ศศิธร","","วรันธร","นางสาว","PERSON","","นางสาวศศิธร วรันธร","","0","0","0","","","","0","HR-03-2","","ADD","","F5D33BE9A430","20221124"
"AMLO-8C1A4C9A55DD","8C1A4C9A55DD004","Primary Name","ศศิพร","","วริศ","นางสาว","PERSON","","นางสาวศศิพร วริศ","","0","0","0","","","","0","HR-03-2","","ADD","","F5D33BE9A430","20221124"
"AMLO-D8528C6379B4","D8528C6379B4004","Primary Name","ศศิมา","","วศพล","นางสาว","PERSON","","นางสาวศศิมา วศพล","","0","0","0","","","","0","HR-03-2","","ADD","","F5D33BE9A430","20221124"
"AMLO-34EA8881EB8D","34EA8881EB8D004","Primary Name","ศศิรา","","วันชัย","นางสาว","PERSON","","นางสาวศศิรา วันชัย","","0","0","0","","","","0","HR-03-2","","ADD","","F5D33BE9A430","20221124"
"AMLO-02EE85F3D30E","02EE85F3D30E004","Primary Name","ศศิวิมล","","วิโรจน์","นางสาว","PERSON","","นางสาวศศิวิมล วิโรจน์","","0","0","0","","","","0","HR-03-2","","ADD","","F5D33BE9A430","20221124"
"AMLO-7DD62E4DFEE6","7DD62E4DFEE6004","Primary Name","ศุภาพิชญ์","","วีรเกียรติ","นางสาว","PERSON","","นางสาวศุภาพิชญ์ วีรเกียรติ","","0","0","0","","","","0","HR-03-2","","ADD","","F5D33BE9A430","20221124"
"AMLO-10EAEA5951FA","10EAEA5951FA004","Primary Name","ศุภิสรา","","วีรชัย","นางสาว","PERSON","","นางสาวศุภิสรา วีรชัย","","0","0","0","","","","0","HR-03-2","","ADD","","F5D33BE9A430","20221124"
"AMLO-A76A7773EA57","A76A7773EA57004","Primary Name","โศภิตา","","วีรพล","นางสาว","PERSON","","นางสาวโศภิตา วีรพล","","0","0","0","","","","0","HR-03-2","","ADD","","F5D33BE9A430","20221124"
"AMLO-DAC2442E1D60","DAC2442E1D60004","Primary Name","สราวลี","","วีระพล","นางสาว","PERSON","","นางสาวสราวลี วีระพล","","0","0","0","","","","0","HR-03-2","","ADD","","F5D33BE9A430","20221124"
"AMLO-847AF8ED6F76","847AF8ED6F76004","Primary Name","สัจพร","","วีระศักดิ์","นางสาว","PERSON","","นางสาวสัจพร วีระศักดิ์","","0","0","0","","","","0","HR-03-2","","ADD","","F5D33BE9A430","20221124"
"AMLO-0CC03F88CAD0","0CC03F88CAD0004","Primary Name","สิตาพัชญ์","","ศรัณย์","นางสาว","PERSON","","นางสาวสิตาพัชญ์ ศรัณย์","","0","0","0","","","","0","HR-03-2","","ADD","","F5D33BE9A430","20221124"
"AMLO-B07A8AF4F0D7","B07A8AF4F0D7004","Primary Name","สุจินดา","","เศรษฐา","นางสาว","PERSON","","นางสาวสุจินดา เศรษฐา","","0","0","0","","","","0","HR-03-2","","ADD","","F5D33BE9A430","20221124"
"AMLO-70E01B8DEDDE","70E01B8DEDDE004","Primary Name","สุชาดา","","เศรษฐี","นางสาว","PERSON","","นางสาวสุชาดา เศรษฐี","","0","0","0","","","","0","HR-03-2","","ADD","","F5D33BE9A430","20221124"
"AMLO-27706ADB6E22","27706ADB6E22004","Primary Name","สุชาวดี","","สมรรถชัย","นางสาว","PERSON","","นางสาวสุชาวดี สมรรถชัย","","0","0","0","","","","0","HR-03-2","","ADD","","F5D33BE9A430","20221124"
"AMLO-89C0071033C4","89C0071033C4004","Primary Name","สุดารัตน์","","สรวิทย์","นางสาว","PERSON","","นางสาวสุดารัตน์ สรวิทย์","","0","0","0","","","","0","HR-03-2","","ADD","","F5D33BE9A430","20221124"
"AMLO-745FB6360C5C","745FB6360C5C004","Primary Name","สุดาวดี","","สันติ","นางสาว","PERSON","","นางสาวสุดาวดี สันติ","","0","0","0","","","","0","HR-03-2","","ADD","","F5D33BE9A430","20221124"
"AMLO-84AB312E726C","84AB312E726C004","Primary Name","สุธิดา","","สิรภพ","นางสาว","PERSON","","นางสาวสุธิดา สิรภพ","","0","0","0","","","","0","HR-03-2","","ADD","","F5D33BE9A430","20221124"
"AMLO-E5B49E73FA16","E5B49E73FA16004","Primary Name","สุนิศา","","สิระ","นางสาว","PERSON","","นางสาวสุนิศา สิระ","","0","0","0","","","","0","HR-03-2","","ADD","","F5D33BE9A430","20221124"
"AMLO-A71CD9CD6762","A71CD9CD6762004","Primary Name","สุนิษา","","สิริศักดิ์","นางสาว","PERSON","","นางสาวสุนิษา สิริศักดิ์","","0","0","0","","","","0","HR-03-2","","ADD","","F5D33BE9A430","20221124"
"AMLO-65A8BE503EBC","65A8BE503EBC004","Primary Name","สุนิสร","","สุชาติ","นางสาว","PERSON","","นางสาวสุนิสร สุชาติ","","0","0","0","","","","0","HR-03-2","","ADD","","F5D33BE9A430","20221124"
