"ENTITY_ID","SYS_ID","DESCRIPTION","BATCH_NO","BATCH_DATE"
"AMLO-B4A9A69272B0","B4A9A69272B0006","ชั้นตำรวจ รับแจ้งความออกเลขคดี","F5D33BE9A430","20221124"
"AMLO-A1FC0F120B5A","A1FC0F120B5A006","ชั้นตำรวจ รับแจ้งความออกเลขคดี","F5D33BE9A430","20221124"
"AMLO-DC94A4E6D895","DC94A4E6D895006","ชั้นตำรวจ รับแจ้งความออกเลขคดี","F5D33BE9A430","20221124"
"AMLO-1EC839964331","1EC839964331006","ชั้นตำรวจ รับแจ้งความออกเลขคดี","F5D33BE9A430","20221124"
"AMLO-F360562213D4","F360562213D4006","ชั้นตำรวจ รับแจ้งความออกเลขคดี","F5D33BE9A430","20221124"
"AMLO-F93F177E739C","F93F177E739C006","ชั้นตำรวจ รับแจ้งความออกเลขคดี","F5D33BE9A430","20221124"
"AMLO-9F9A4BE7DCDA","9F9A4BE7DCDA006","ชั้นตำรวจ รับแจ้งความออกเลขคดี","F5D33BE9A430","20221124"
"AMLO-46120D803BA3","46120D803BA3006","ชั้นตำรวจ รับแจ้งความออกเลขคดี","F5D33BE9A430","20221124"
"AMLO-9F7F98B60EAB","9F7F98B60EAB006","ชั้นตำรวจ รับแจ้งความออกเลขคดี","F5D33BE9A430","20221124"
"AMLO-25A6762949A2","25A6762949A2006","ชั้นตำรวจ รับแจ้งความออกเลขคดี","F5D33BE9A430","20221124"
"AMLO-A4F94C3783C4","A4F94C3783C4006","ชั้นตำรวจ รับแจ้งความออกเลขคดี","F5D33BE9A430","20221124"
"AMLO-E1A7B25B4B6A","E1A7B25B4B6A006","ชั้นตำรวจ รับแจ้งความออกเลขคดี","F5D33BE9A430","20221124"
"AMLO-E1C2A045CCD8","E1C2A045CCD8006","ชั้นตำรวจ รับแจ้งความออกเลขคดี","F5D33BE9A430","20221124"
"AMLO-F50D8B7FCA45","F50D8B7FCA45006","ชั้นตำรวจ รับแจ้งความออกเลขคดี","F5D33BE9A430","20221124"
"AMLO-119B4720B096","119B4720B096006","ชั้นตำรวจ รับแจ้งความออกเลขคดี","F5D33BE9A430","20221124"
"AMLO-CB8F78510B72","CB8F78510B72006","ชั้นตำรวจ รับแจ้งความออกเลขคดี","F5D33BE9A430","20221124"
"AMLO-5C1B9B094062","5C1B9B094062006","ชั้นตำรวจ รับแจ้งความออกเลขคดี","F5D33BE9A430","20221124"
"AMLO-E9403C42A158","E9403C42A158006","ชั้นตำรวจ รับแจ้งความออกเลขคดี","F5D33BE9A430","20221124"
"AMLO-DD5075EAD961","DD5075EAD961006","ชั้นตำรวจ รับแจ้งความออกเลขคดี","F5D33BE9A430","20221124"
"AMLO-A4AA5F04B160","A4AA5F04B160006","ชั้นตำรวจ รับแจ้งความออกเลขคดี","F5D33BE9A430","20221124"
"AMLO-4226039C9414","4226039C9414006","ชั้นตำรวจ รับแจ้งความออกเลขคดี","F5D33BE9A430","20221124"
"AMLO-04F0574C953C","04F0574C953C006","ชั้นตำรวจ รับแจ้งความออกเลขคดี","F5D33BE9A430","20221124"
"AMLO-3EA67B7650E6","3EA67B7650E6006","ชั้นตำรวจ รับแจ้งความออกเลขคดี","F5D33BE9A430","20221124"
"AMLO-0CE25B1D31B0","0CE25B1D31B0006","ชั้นตำรวจ รับแจ้งความออกเลขคดี","F5D33BE9A430","20221124"
"AMLO-A18B16DC8240","A18B16DC8240006","ชั้นตำรวจ รับแจ้งความออกเลขคดี","F5D33BE9A430","20221124"
"AMLO-DA0FB94E2BE2","DA0FB94E2BE2006","ชั้นตำรวจ รับแจ้งความออกเลขคดี","F5D33BE9A430","20221124"
"AMLO-C7402CC38B48","C7402CC38B48006","ชั้นตำรวจ รับแจ้งความออกเลขคดี","F5D33BE9A430","20221124"
"AMLO-BD233CE74C3D","BD233CE74C3D006","ชั้นตำรวจ รับแจ้งความออกเลขคดี","F5D33BE9A430","20221124"
"AMLO-DA44306E2BF8","DA44306E2BF8006","ชั้นตำรวจ รับแจ้งความออกเลขคดี","F5D33BE9A430","20221124"
"AMLO-7B0C17DAE8BE","7B0C17DAE8BE006","ชั้นตำรวจ รับแจ้งความออกเลขคดี","F5D33BE9A430","20221124"
"AMLO-65D55E6B8D7D","65D55E6B8D7D006","ชั้นตำรวจ รับแจ้งความออกเลขคดี","F5D33BE9A430","20221124"
"AMLO-827283D52FA5","827283D52FA5006","ชั้นตำรวจ รับแจ้งความออกเลขคดี","F5D33BE9A430","20221124"
"AMLO-E0F62A78D190","E0F62A78D190006","ชั้นตำรวจ รับแจ้งความออกเลขคดี","F5D33BE9A430","20221124"
"AMLO-CB80E61C585E","CB80E61C585E006","ชั้นตำรวจ รับแจ้งความออกเลขคดี","F5D33BE9A430","20221124"
"AMLO-1FE23D3AFA0D","1FE23D3AFA0D006","ชั้นตำรวจ รับแจ้งความออกเลขคดี","F5D33BE9A430","20221124"
"AMLO-794EA6BFAA64","794EA6BFAA64006","ชั้นตำรวจ รับแจ้งความออกเลขคดี","F5D33BE9A430","20221124"
"AMLO-EC77C9A1E127","EC77C9A1E127006","ชั้นตำรวจ รับแจ้งความออกเลขคดี","F5D33BE9A430","20221124"
"AMLO-7E61F7BE8504","7E61F7BE8504006","ชั้นตำรวจ รับแจ้งความออกเลขคดี","F5D33BE9A430","20221124"
"AMLO-E31B72E5A9C9","E31B72E5A9C9006","ชั้นตำรวจ รับแจ้งความออกเลขคดี","F5D33BE9A430","20221124"
"AMLO-EE2937E5DEA1","EE2937E5DEA1006","ชั้นตำรวจ รับแจ้งความออกเลขคดี","F5D33BE9A430","20221124"
"AMLO-E0A6A8CEFD9F","E0A6A8CEFD9F006","ชั้นตำรวจ รับแจ้งความออกเลขคดี","F5D33BE9A430","20221124"
"AMLO-9D0F09DDE7DE","9D0F09DDE7DE006","ชั้นตำรวจ รับแจ้งความออกเลขคดี","F5D33BE9A430","20221124"
"AMLO-EB785A8D4856","EB785A8D4856006","ชั้นตำรวจ รับแจ้งความออกเลขคดี","F5D33BE9A430","20221124"
"AMLO-FB1AC61CFFCC","FB1AC61CFFCC006","ชั้นตำรวจ รับแจ้งความออกเลขคดี","F5D33BE9A430","20221124"
"AMLO-5E9FEE9B8C55","5E9FEE9B8C55006","ชั้นตำรวจ รับแจ้งความออกเลขคดี","F5D33BE9A430","20221124"
"AMLO-D92C78559B73","D92C78559B73006","ชั้นตำรวจ รับแจ้งความออกเลขคดี","F5D33BE9A430","20221124"
"AMLO-628E364D3052","628E364D3052006","ชั้นตำรวจ รับแจ้งความออกเลขคดี","F5D33BE9A430","20221124"
"AMLO-7DE9F477E35A","7DE9F477E35A006","ชั้นตำรวจ รับแจ้งความออกเลขคดี","F5D33BE9A430","20221124"
"AMLO-F8FEBB4A5D3E","F8FEBB4A5D3E006","ชั้นตำรวจ รับแจ้งความออกเลขคดี","F5D33BE9A430","20221124"
"AMLO-347B0A6FF77B","347B0A6FF77B006","ชั้นตำรวจ รับแจ้งความออกเลขคดี","F5D33BE9A430","20221124"
"AMLO-2168F9DA39A1","2168F9DA39A1006","ชั้นตำรวจ รับแจ้งความออกเลขคดี","F5D33BE9A430","20221124"
"AMLO-E8DB6E3EAB0A","E8DB6E3EAB0A006","ชั้นตำรวจ รับแจ้งความออกเลขคดี","F5D33BE9A430","20221124"
"AMLO-F838A0CDF4A8","F838A0CDF4A8006","ชั้นตำรวจ รับแจ้งความออกเลขคดี","F5D33BE9A430","20221124"
"AMLO-6B431A587BEC","6B431A587BEC006","ชั้นตำรวจ รับแจ้งความออกเลขคดี","F5D33BE9A430","20221124"
"AMLO-139696AFBCB2","139696AFBCB2006","ชั้นตำรวจ รับแจ้งความออกเลขคดี","F5D33BE9A430","20221124"
"AMLO-9882064B5938","9882064B5938006","ชั้นตำรวจ รับแจ้งความออกเลขคดี","F5D33BE9A430","20221124"
"AMLO-D6351F2E41C2","D6351F2E41C2006","ชั้นตำรวจ รับแจ้งความออกเลขคดี","F5D33BE9A430","20221124"
"AMLO-F073C48B7919","F073C48B7919006","ชั้นตำรวจ รับแจ้งความออกเลขคดี","F5D33BE9A430","20221124"
"AMLO-27E2F17677CB","27E2F17677CB006","ชั้นตำรวจ รับแจ้งความออกเลขคดี","F5D33BE9A430","20221124"
"AMLO-709F0C3D0767","709F0C3D0767006","ชั้นตำรวจ รับแจ้งความออกเลขคดี","F5D33BE9A430","20221124"
"AMLO-2AF28BC562A9","2AF28BC562A9006","ชั้นตำรวจ รับแจ้งความออกเลขคดี","F5D33BE9A430","20221124"
"AMLO-BF0051648EDE","BF0051648EDE006","ชั้นตำรวจ รับแจ้งความออกเลขคดี","F5D33BE9A430","20221124"
"AMLO-CA1AFD6741C5","CA1AFD6741C5006","ชั้นตำรวจ รับแจ้งความออกเลขคดี","F5D33BE9A430","20221124"
"AMLO-DDABDC727C42","DDABDC727C42006","ชั้นตำรวจ รับแจ้งความออกเลขคดี","F5D33BE9A430","20221124"
"AMLO-777664BD54D0","777664BD54D0006","ชั้นตำรวจ รับแจ้งความออกเลขคดี","F5D33BE9A430","20221124"
"AMLO-150F0CC7DFD0","150F0CC7DFD0006","ชั้นตำรวจ รับแจ้งความออกเลขคดี","F5D33BE9A430","20221124"
"AMLO-FA4C20CC65CF","FA4C20CC65CF006","ชั้นตำรวจ รับแจ้งความออกเลขคดี","F5D33BE9A430","20221124"
"AMLO-5C3F87308310","5C3F87308310006","ชั้นตำรวจ รับแจ้งความออกเลขคดี","F5D33BE9A430","20221124"
"AMLO-73FAC7E08AE1","73FAC7E08AE1006","ชั้นตำรวจ รับแจ้งความออกเลขคดี","F5D33BE9A430","20221124"
"AMLO-A7890E5781BD","A7890E5781BD006","ชั้นตำรวจ รับแจ้งความออกเลขคดี","F5D33BE9A430","20221124"
"AMLO-7CCE34CBBE99","7CCE34CBBE99006","ชั้นตำรวจ รับแจ้งความออกเลขคดี","F5D33BE9A430","20221124"
"AMLO-2FC16101B1DF","2FC16101B1DF006","ชั้นตำรวจ รับแจ้งความออกเลขคดี","F5D33BE9A430","20221124"
"AMLO-CB504EFAF865","CB504EFAF865006","ชั้นตำรวจ รับแจ้งความออกเลขคดี","F5D33BE9A430","20221124"
"AMLO-4EAB87821D30","4EAB87821D30006","ชั้นตำรวจ รับแจ้งความออกเลขคดี","F5D33BE9A430","20221124"
"AMLO-AE82D938C8CA","AE82D938C8CA006","ชั้นตำรวจ รับแจ้งความออกเลขคดี","F5D33BE9A430","20221124"
"AMLO-84C46450F96E","84C46450F96E006","ชั้นตำรวจ รับแจ้งความออกเลขคดี","F5D33BE9A430","20221124"
"AMLO-2D8D77A0F099","2D8D77A0F099006","ชั้นตำรวจ รับแจ้งความออกเลขคดี","F5D33BE9A430","20221124"
"AMLO-FF3468684F0E","FF3468684F0E006","ชั้นตำรวจ รับแจ้งความออกเลขคดี","F5D33BE9A430","20221124"
"AMLO-2A258D6F7327","2A258D6F7327006","ชั้นตำรวจ รับแจ้งความออกเลขคดี","F5D33BE9A430","20221124"
"AMLO-2F7EEA7849DC","2F7EEA7849DC006","ชั้นตำรวจ รับแจ้งความออกเลขคดี","F5D33BE9A430","20221124"
"AMLO-9C6E19CAA871","9C6E19CAA871006","ชั้นตำรวจ รับแจ้งความออกเลขคดี","F5D33BE9A430","20221124"
"AMLO-8C1A4C9A55DD","8C1A4C9A55DD006","ชั้นตำรวจ รับแจ้งความออกเลขคดี","F5D33BE9A430","20221124"
"AMLO-D8528C6379B4","D8528C6379B4006","ชั้นตำรวจ รับแจ้งความออกเลขคดี","F5D33BE9A430","20221124"
"AMLO-34EA8881EB8D","34EA8881EB8D006","ชั้นตำรวจ รับแจ้งความออกเลขคดี","F5D33BE9A430","20221124"
"AMLO-02EE85F3D30E","02EE85F3D30E006","ชั้นตำรวจ รับแจ้งความออกเลขคดี","F5D33BE9A430","20221124"
"AMLO-7DD62E4DFEE6","7DD62E4DFEE6006","ชั้นตำรวจ รับแจ้งความออกเลขคดี","F5D33BE9A430","20221124"
"AMLO-10EAEA5951FA","10EAEA5951FA006","ชั้นตำรวจ รับแจ้งความออกเลขคดี","F5D33BE9A430","20221124"
"AMLO-A76A7773EA57","A76A7773EA57006","ชั้นตำรวจ รับแจ้งความออกเลขคดี","F5D33BE9A430","20221124"
"AMLO-DAC2442E1D60","DAC2442E1D60006","ชั้นตำรวจ รับแจ้งความออกเลขคดี","F5D33BE9A430","20221124"
"AMLO-847AF8ED6F76","847AF8ED6F76006","ชั้นตำรวจ รับแจ้งความออกเลขคดี","F5D33BE9A430","20221124"
"AMLO-0CC03F88CAD0","0CC03F88CAD0006","ชั้นตำรวจ รับแจ้งความออกเลขคดี","F5D33BE9A430","20221124"
"AMLO-B07A8AF4F0D7","B07A8AF4F0D7006","ชั้นตำรวจ รับแจ้งความออกเลขคดี","F5D33BE9A430","20221124"
"AMLO-70E01B8DEDDE","70E01B8DEDDE006","ชั้นตำรวจ รับแจ้งความออกเลขคดี","F5D33BE9A430","20221124"
"AMLO-27706ADB6E22","27706ADB6E22006","ชั้นตำรวจ รับแจ้งความออกเลขคดี","F5D33BE9A430","20221124"
"AMLO-89C0071033C4","89C0071033C4006","ชั้นตำรวจ รับแจ้งความออกเลขคดี","F5D33BE9A430","20221124"
"AMLO-745FB6360C5C","745FB6360C5C006","ชั้นตำรวจ รับแจ้งความออกเลขคดี","F5D33BE9A430","20221124"
"AMLO-84AB312E726C","84AB312E726C006","ชั้นตำรวจ รับแจ้งความออกเลขคดี","F5D33BE9A430","20221124"
"AMLO-E5B49E73FA16","E5B49E73FA16006","ชั้นตำรวจ รับแจ้งความออกเลขคดี","F5D33BE9A430","20221124"
"AMLO-A71CD9CD6762","A71CD9CD6762006","ชั้นตำรวจ รับแจ้งความออกเลขคดี","F5D33BE9A430","20221124"
"AMLO-65A8BE503EBC","65A8BE503EBC006","ชั้นตำรวจ รับแจ้งความออกเลขคดี","F5D33BE9A430","20221124"
