"ENTITY_ID","SYS_ID","NAME","BATCH_NO","BATCH_DATE"
"AMLO-B4A9A69272B0","B4A9A69272B0008","ร.ต.อ.xxxx xxxxx_080-000-0200_สน.บุปผาราม","F5D33BE9A430","20221124"
"AMLO-A1FC0F120B5A","A1FC0F120B5A008","ร.ต.อ.xxxx xxxxx_080-000-0201_สน.ปทุมวัน","F5D33BE9A430","20221124"
"AMLO-DC94A4E6D895","DC94A4E6D895008","ร.ต.อ.xxxx xxxxx_080-000-0202_สน.ประชาชื่น","F5D33BE9A430","20221124"
"AMLO-1EC839964331","1EC839964331008","ร.ต.อ.xxxx xxxxx_080-000-0203_สน.ประชาสำราญ","F5D33BE9A430","20221124"
"AMLO-F360562213D4","F360562213D4008","ร.ต.อ.xxxx xxxxx_080-000-0204_สน.ประเวศ","F5D33BE9A430","20221124"
"AMLO-F93F177E739C","F93F177E739C008","ร.ต.อ.xxxx xxxxx_080-000-0205_สน.ปากคลองสาน","F5D33BE9A430","20221124"
"AMLO-9F9A4BE7DCDA","9F9A4BE7DCDA008","ร.ต.อ.xxxx xxxxx_080-000-0206_น.พญาไท","F5D33BE9A430","20221124"
"AMLO-46120D803BA3","46120D803BA3008","ร.ต.อ.xxxx xxxxx_080-000-0207_สน.พระโขนง","F5D33BE9A430","20221124"
"AMLO-9F7F98B60EAB","9F7F98B60EAB008","ร.ต.อ.xxxx xxxxx_080-000-0208_สน.พระราชวัง","F5D33BE9A430","20221124"
"AMLO-25A6762949A2","25A6762949A2008","ร.ต.อ.xxxx xxxxx_080-000-0209_สน.พลับพลาไชย 3","F5D33BE9A430","20221124"
"AMLO-A4F94C3783C4","A4F94C3783C4008","ร.ต.อ.xxxx xxxxx_080-000-0210_สน.พลับพลาไชย 4","F5D33BE9A430","20221124"
"AMLO-E1A7B25B4B6A","E1A7B25B4B6A008","ร.ต.อ.xxxx xxxxx_080-000-0211_สน.พหลโยธิน","F5D33BE9A430","20221124"
"AMLO-E1C2A045CCD8","E1C2A045CCD8008","ร.ต.อ.xxxx xxxxx_080-000-0212_สน.เพชรเกษม","F5D33BE9A430","20221124"
"AMLO-F50D8B7FCA45","F50D8B7FCA45008","ร.ต.อ.xxxx xxxxx_080-000-0213_สน.ภาษีเจริญ","F5D33BE9A430","20221124"
"AMLO-119B4720B096","119B4720B096008","ร.ต.อ.xxxx xxxxx_080-000-0214_น.มักกะสัน","F5D33BE9A430","20221124"
"AMLO-CB8F78510B72","CB8F78510B72008","ร.ต.อ.xxxx xxxxx_080-000-0215_สน.มีนบุรี","F5D33BE9A430","20221124"
"AMLO-5C1B9B094062","5C1B9B094062008","ร.ต.อ.xxxx xxxxx_080-000-0216_สน.ยานนาวา","F5D33BE9A430","20221124"
"AMLO-E9403C42A158","E9403C42A158008","ร.ต.อ.xxxx xxxxx_080-000-0217_สน.ร่มเกล้า","F5D33BE9A430","20221124"
"AMLO-DD5075EAD961","DD5075EAD961008","ร.ต.อ.xxxx xxxxx_080-000-0218_สน.ราษฏร์บูรณะ","F5D33BE9A430","20221124"
"AMLO-A4AA5F04B160","A4AA5F04B160008","ร.ต.อ.xxxx xxxxx_080-000-0219_สน.ลาดกระบัง","F5D33BE9A430","20221124"
"AMLO-4226039C9414","4226039C9414008","ร.ต.อ.xxxx xxxxx_080-000-0220_สน.ลาดพร้าว","F5D33BE9A430","20221124"
"AMLO-04F0574C953C","04F0574C953C008","ร.ต.อ.xxxx xxxxx_080-000-0221_สน.ลำผักชี","F5D33BE9A430","20221124"
"AMLO-3EA67B7650E6","3EA67B7650E6008","ร.ต.อ.xxxx xxxxx_080-000-0222_สน.ลำหิน","F5D33BE9A430","20221124"
"AMLO-0CE25B1D31B0","0CE25B1D31B0008","ร.ต.อ.xxxx xxxxx_080-000-0223_สน.ลุมพินี","F5D33BE9A430","20221124"
"AMLO-A18B16DC8240","A18B16DC8240008","ร.ต.อ.xxxx xxxxx_080-000-0224_สน.วังทองหลาง","F5D33BE9A430","20221124"
"AMLO-DA0FB94E2BE2","DA0FB94E2BE2008","ร.ต.อ.xxxx xxxxx_080-000-0225_สน.วัดพระยาไกร","F5D33BE9A430","20221124"
"AMLO-C7402CC38B48","C7402CC38B48008","ร.ต.อ.xxxx xxxxx_080-000-0226_สน.ศาลาแดง","F5D33BE9A430","20221124"
"AMLO-BD233CE74C3D","BD233CE74C3D008","ร.ต.อ.xxxx xxxxx_080-000-0227_สน.สมเด็จเจ้าพระยา","F5D33BE9A430","20221124"
"AMLO-DA44306E2BF8","DA44306E2BF8008","ร.ต.อ.xxxx xxxxx_080-000-0228_น.สามเสน","F5D33BE9A430","20221124"
"AMLO-7B0C17DAE8BE","7B0C17DAE8BE008","ร.ต.อ.xxxx xxxxx_080-000-0229_สน.สายไหม","F5D33BE9A430","20221124"
"AMLO-65D55E6B8D7D","65D55E6B8D7D008","ร.ต.อ.xxxx xxxxx_080-000-0230_สน.สำราญราษฏร์","F5D33BE9A430","20221124"
"AMLO-827283D52FA5","827283D52FA5008","ร.ต.อ.xxxx xxxxx_080-000-0231_สน.สำเหร่","F5D33BE9A430","20221124"
"AMLO-E0F62A78D190","E0F62A78D190008","ร.ต.อ.xxxx xxxxx_080-000-0232_สน.สุทธิสาร","F5D33BE9A430","20221124"
"AMLO-CB80E61C585E","CB80E61C585E008","ร.ต.อ.xxxx xxxxx_080-000-0233_สน.สุวินทวงศ์","F5D33BE9A430","20221124"
"AMLO-1FE23D3AFA0D","1FE23D3AFA0D008","ร.ต.อ.xxxx xxxxx_080-000-0234_สน.แสมดำ","F5D33BE9A430","20221124"
"AMLO-794EA6BFAA64","794EA6BFAA64008","ร.ต.อ.xxxx xxxxx_080-000-0235_สน.หนองแขม","F5D33BE9A430","20221124"
"AMLO-EC77C9A1E127","EC77C9A1E127008","ร.ต.อ.xxxx xxxxx_080-000-0236_สน.หนองค้างพลู","F5D33BE9A430","20221124"
"AMLO-7E61F7BE8504","7E61F7BE8504008","ร.ต.อ.xxxx xxxxx_080-000-0237_สน.หนองจอก","F5D33BE9A430","20221124"
"AMLO-E31B72E5A9C9","E31B72E5A9C9008","ร.ต.อ.xxxx xxxxx_080-000-0238_สน.หลักสอง","F5D33BE9A430","20221124"
"AMLO-EE2937E5DEA1","EE2937E5DEA1008","ร.ต.อ.xxxx xxxxx_080-000-0239_สน.หนองค้างพลู","F5D33BE9A430","20221124"
"AMLO-E0A6A8CEFD9F","E0A6A8CEFD9F008","ร.ต.อ.xxxx xxxxx_080-000-0240_สน.หนองจอก","F5D33BE9A430","20221124"
"AMLO-9D0F09DDE7DE","9D0F09DDE7DE008","ร.ต.อ.xxxx xxxxx_080-000-0241_สน.หลักสอง","F5D33BE9A430","20221124"
"AMLO-EB785A8D4856","EB785A8D4856008","ร.ต.อ.xxxx xxxxx_080-000-0242_สภ.เกาะกลาง ","F5D33BE9A430","20221124"
"AMLO-FB1AC61CFFCC","FB1AC61CFFCC008","ร.ต.อ.xxxx xxxxx_080-000-0243_สภ.เกาะพีพี","F5D33BE9A430","20221124"
"AMLO-5E9FEE9B8C55","5E9FEE9B8C55008","ร.ต.อ.xxxx xxxxx_080-000-0244_สภ.เกาะลันตา ","F5D33BE9A430","20221124"
"AMLO-D92C78559B73","D92C78559B73008","ร.ต.อ.xxxx xxxxx_080-000-0245_สภ.เขาพนม ","F5D33BE9A430","20221124"
"AMLO-628E364D3052","628E364D3052008","ร.ต.อ.xxxx xxxxx_080-000-0246_สภ.คลองขนาน ","F5D33BE9A430","20221124"
"AMLO-7DE9F477E35A","7DE9F477E35A008","ร.ต.อ.xxxx xxxxx_080-000-0247_สภ.คลองท่อม ","F5D33BE9A430","20221124"
"AMLO-F8FEBB4A5D3E","F8FEBB4A5D3E008","ร.ต.อ.xxxx xxxxx_080-000-0248_สภ.ทรายขาว ","F5D33BE9A430","20221124"
"AMLO-347B0A6FF77B","347B0A6FF77B008","ร.ต.อ.xxxx xxxxx_080-000-0249_สภ.ปลายพระยา ","F5D33BE9A430","20221124"
"AMLO-2168F9DA39A1","2168F9DA39A1008","ร.ต.อ.xxxx xxxxx_080-000-0250_สภ.เมืองกระบี่","F5D33BE9A430","20221124"
"AMLO-E8DB6E3EAB0A","E8DB6E3EAB0A008","ร.ต.อ.xxxx xxxxx_080-000-0251_สภ.ลำทับ ","F5D33BE9A430","20221124"
"AMLO-F838A0CDF4A8","F838A0CDF4A8008","ร.ต.อ.xxxx xxxxx_080-000-0252_สภ.เหนือคลอง ","F5D33BE9A430","20221124"
"AMLO-6B431A587BEC","6B431A587BEC008","ร.ต.อ.xxxx xxxxx_080-000-0253_สภ.อ่าวนาง","F5D33BE9A430","20221124"
"AMLO-139696AFBCB2","139696AFBCB2008","ร.ต.อ.xxxx xxxxx_080-000-0254_สภ.อ่าวลึก ","F5D33BE9A430","20221124"
"AMLO-9882064B5938","9882064B5938008","ร.ต.อ.xxxx xxxxx_080-000-0255_สภ.บางคนฑี ","F5D33BE9A430","20221124"
"AMLO-D6351F2E41C2","D6351F2E41C2008","ร.ต.อ.xxxx xxxxx_080-000-0256_สภ.เมืองสมุทรสงคราม","F5D33BE9A430","20221124"
"AMLO-F073C48B7919","F073C48B7919008","ร.ต.อ.xxxx xxxxx_080-000-0257_สภ.ยี่สาร ","F5D33BE9A430","20221124"
"AMLO-27E2F17677CB","27E2F17677CB008","ร.ต.อ.xxxx xxxxx_080-000-0258_สภ.ลาดใหญ่ ","F5D33BE9A430","20221124"
"AMLO-709F0C3D0767","709F0C3D0767008","ร.ต.อ.xxxx xxxxx_080-000-0259_สภ.อัมพวา ","F5D33BE9A430","20221124"
"AMLO-2AF28BC562A9","2AF28BC562A9008","ร.ต.อ.xxxx xxxxx_080-000-0260_ภ.เกษไชโย ","F5D33BE9A430","20221124"
"AMLO-BF0051648EDE","BF0051648EDE008","ร.ต.อ.xxxx xxxxx_080-000-0261_ภ.ไชโย ","F5D33BE9A430","20221124"
"AMLO-CA1AFD6741C5","CA1AFD6741C5008","ร.ต.อ.xxxx xxxxx_080-000-0262_ภ.บางจัก ","F5D33BE9A430","20221124"
"AMLO-DDABDC727C42","DDABDC727C42008","ร.ต.อ.xxxx xxxxx_080-000-0263_ภ.ป่าโมก ","F5D33BE9A430","20221124"
"AMLO-777664BD54D0","777664BD54D0008","ร.ต.อ.xxxx xxxxx_080-000-0264_ภ.โพธิ์ทอง ","F5D33BE9A430","20221124"
"AMLO-150F0CC7DFD0","150F0CC7DFD0008","ร.ต.อ.xxxx xxxxx_080-000-0265_ภ.เมืองอ่างทอง","F5D33BE9A430","20221124"
"AMLO-FA4C20CC65CF","FA4C20CC65CF008","ร.ต.อ.xxxx xxxxx_080-000-0266_ภ.รำมะสัก ","F5D33BE9A430","20221124"
"AMLO-5C3F87308310","5C3F87308310008","ร.ต.อ.xxxx xxxxx_080-000-0267_ภ.วิเศษชัยชาญ ","F5D33BE9A430","20221124"
"AMLO-73FAC7E08AE1","73FAC7E08AE1008","ร.ต.อ.xxxx xxxxx_080-000-0268_ภ.สามโก้ ","F5D33BE9A430","20221124"
"AMLO-A7890E5781BD","A7890E5781BD008","ร.ต.อ.xxxx xxxxx_080-000-0269_ภ.สีบัวทอง ","F5D33BE9A430","20221124"
"AMLO-7CCE34CBBE99","7CCE34CBBE99008","ร.ต.อ.xxxx xxxxx_080-000-0270_ภ.แสวงหา ","F5D33BE9A430","20221124"
"AMLO-2FC16101B1DF","2FC16101B1DF008","ร.ต.อ.xxxx xxxxx_080-000-0271_ส.รฟ.ธนบุรี","F5D33BE9A430","20221124"
"AMLO-CB504EFAF865","CB504EFAF865008","ร.ต.อ.xxxx xxxxx_080-000-0272_ส.รฟ.นพวงศ์","F5D33BE9A430","20221124"
"AMLO-4EAB87821D30","4EAB87821D30008","ร.ต.อ.xxxx xxxxx_080-000-0273_ส.รฟ.มักกะสัน","F5D33BE9A430","20221124"
"AMLO-AE82D938C8CA","AE82D938C8CA008","ร.ต.อ.xxxx xxxxx_080-000-0274_ส.รฟ.สุวรรณภูมิ","F5D33BE9A430","20221124"
"AMLO-84C46450F96E","84C46450F96E008","ร.ต.อ.xxxx xxxxx_080-000-0275_สน.คลองตัน","F5D33BE9A430","20221124"
"AMLO-2D8D77A0F099","2D8D77A0F099008","ร.ต.อ.xxxx xxxxx_080-000-0276_สน.คันนายาว","F5D33BE9A430","20221124"
"AMLO-FF3468684F0E","FF3468684F0E008","ร.ต.อ.xxxx xxxxx_080-000-0277_สน.โคกคราม","F5D33BE9A430","20221124"
"AMLO-2A258D6F7327","2A258D6F7327008","ร.ต.อ.xxxx xxxxx_080-000-0278_สน.จรเข้น้อย","F5D33BE9A430","20221124"
"AMLO-2F7EEA7849DC","2F7EEA7849DC008","ร.ต.อ.xxxx xxxxx_080-000-0279_สน.จักรวรรดิ","F5D33BE9A430","20221124"
"AMLO-9C6E19CAA871","9C6E19CAA871008","ร.ต.อ.xxxx xxxxx_080-000-0280_สน.ฉลองกรุง","F5D33BE9A430","20221124"
"AMLO-8C1A4C9A55DD","8C1A4C9A55DD008","ร.ต.อ.xxxx xxxxx_080-000-0281_น.ชนะสงคราม","F5D33BE9A430","20221124"
"AMLO-D8528C6379B4","D8528C6379B4008","ร.ต.อ.xxxx xxxxx_080-000-0282_สน.โชคชัย","F5D33BE9A430","20221124"
"AMLO-34EA8881EB8D","34EA8881EB8D008","ร.ต.อ.xxxx xxxxx_080-000-0283_สน.ดอนเมือง","F5D33BE9A430","20221124"
"AMLO-02EE85F3D30E","02EE85F3D30E008","ร.ต.อ.xxxx xxxxx_080-000-0284_สน.ดินแดง","F5D33BE9A430","20221124"
"AMLO-7DD62E4DFEE6","7DD62E4DFEE6008","ร.ต.อ.xxxx xxxxx_080-000-0285_สน.ดุสิต","F5D33BE9A430","20221124"
"AMLO-10EAEA5951FA","10EAEA5951FA008","ร.ต.อ.xxxx xxxxx_080-000-0286_สน.ตลาดพลู","F5D33BE9A430","20221124"
"AMLO-A76A7773EA57","A76A7773EA57008","ร.ต.อ.xxxx xxxxx_080-000-0287_สน.ตลิ่งชัน","F5D33BE9A430","20221124"
"AMLO-DAC2442E1D60","DAC2442E1D60008","ร.ต.อ.xxxx xxxxx_080-000-0288_สน.เตาปูน","F5D33BE9A430","20221124"
"AMLO-847AF8ED6F76","847AF8ED6F76008","ร.ต.อ.xxxx xxxxx_080-000-0289_สน.ทองหล่อ","F5D33BE9A430","20221124"
"AMLO-0CC03F88CAD0","0CC03F88CAD0008","ร.ต.อ.xxxx xxxxx_080-000-0290_สน.ท่าข้าม","F5D33BE9A430","20221124"
"AMLO-B07A8AF4F0D7","B07A8AF4F0D7008","ร.ต.อ.xxxx xxxxx_080-000-0291_สน.ท่าพระ","F5D33BE9A430","20221124"
"AMLO-70E01B8DEDDE","70E01B8DEDDE008","ร.ต.อ.xxxx xxxxx_080-000-0292_สน.ท่าเรือ","F5D33BE9A430","20221124"
"AMLO-27706ADB6E22","27706ADB6E22008","ร.ต.อ.xxxx xxxxx_080-000-0293_สน.ทุ่งครุ","F5D33BE9A430","20221124"
"AMLO-89C0071033C4","89C0071033C4008","ร.ต.อ.xxxx xxxxx_080-000-0294_สน.ทุ่งมหาเมฆ","F5D33BE9A430","20221124"
"AMLO-745FB6360C5C","745FB6360C5C008","ร.ต.อ.xxxx xxxxx_080-000-0295_สน.ทุ่งสองห้อง","F5D33BE9A430","20221124"
"AMLO-84AB312E726C","84AB312E726C008","ร.ต.อ.xxxx xxxxx_080-000-0296_สน.เทียนทะเล","F5D33BE9A430","20221124"
"AMLO-E5B49E73FA16","E5B49E73FA16008","ร.ต.อ.xxxx xxxxx_080-000-0297_สน.ธรรมศาลา","F5D33BE9A430","20221124"
"AMLO-A71CD9CD6762","A71CD9CD6762008","ร.ต.อ.xxxx xxxxx_080-000-0298_น.นางเลิ้ง","F5D33BE9A430","20221124"
"AMLO-65A8BE503EBC","65A8BE503EBC008","ร.ต.อ.xxxx xxxxx_080-000-0299_สน.นิมิตใหม่","F5D33BE9A430","20221124"
