"ENTITY_ID","SYS_ID","ACCOUNT_NO","REF_CASE_NO","REF_NOTICE_NO","DOC_TYPE","DOC_CONTROL_NO","ORG_ID","ORG_NAME","BATCH_NO","BATCH_DATE","DOWNLOADABLE_IND","PUBLIC_IND"
"AMLO-B4A9A69272B0","B4A9A69272B0005","2258079050","ตช.0015(201)/2565","","","","","ธนาคารสแตนดาร์ดชาร์เตอร์ด (ไทย) จำกัด (มหาชน)","F5D33BE9A430","20221124","0","0"
"AMLO-A1FC0F120B5A","A1FC0F120B5A005","5949436198","ตช.0015(202)/2565","","","","","ธนาคารอาคารสงเคราะห์","F5D33BE9A430","20221124","0","0"
"AMLO-DC94A4E6D895","DC94A4E6D895005","5972385169","ตช.0015(203)/2565","","","","","ธนาคารแลนด์ แอนด์ เฮ้าส์ จำกัด (มหาชน)","F5D33BE9A430","20221124","0","0"
"AMLO-1EC839964331","1EC839964331005","6849419904","ตช.0015(204)/2565","","","","","ธนาคารแห่งประเทศจีน (ไทย) จำกัด (มหาชน)","F5D33BE9A430","20221124","0","0"
"AMLO-F360562213D4","F360562213D4005","4821203471","ตช.0015(205)/2565","","","","","ธนาคารทิสโก้ จำกัด (มหาชน)","F5D33BE9A430","20221124","0","0"
"AMLO-F93F177E739C","F93F177E739C005","4393774310","ตช.0015(206)/2565","","","","","ธนาคารไทยเครดิต เพื่อรายย่อย จำกัด (มหาชน)","F5D33BE9A430","20221124","0","0"
"AMLO-9F9A4BE7DCDA","9F9A4BE7DCDA005","4558603605","ตช.0015(207)/2565","","","","","ธนาคารไทยเครดิต เพื่อรายย่อย จำกัด (มหาชน)","F5D33BE9A430","20221124","0","0"
"AMLO-46120D803BA3","46120D803BA3005","3249947538","ตช.0015(208)/2565","","","","","ธนาคารกรุงไทย จำกัด (มหาชน)","F5D33BE9A430","20221124","0","0"
"AMLO-9F7F98B60EAB","9F7F98B60EAB005","1996588258","ตช.0015(209)/2565","","","","","ธนาคารเพื่อการส่งออกและนำเข้าแห่งประเทศไทย","F5D33BE9A430","20221124","0","0"
"AMLO-25A6762949A2","25A6762949A2005","9748414350","ตช.0015(210)/2565","","","","","ธนาคารเกียรตินาคินภัทร จำกัด (มหาชน)","F5D33BE9A430","20221124","0","0"
"AMLO-A4F94C3783C4","A4F94C3783C4005","4788796621","ตช.0015(211)/2565","","","","","ธนาคารแห่งประเทศจีน (ไทย) จำกัด (มหาชน)","F5D33BE9A430","20221124","0","0"
"AMLO-E1A7B25B4B6A","E1A7B25B4B6A005","1385046001","ตช.0015(212)/2565","","","","","ธนาคารกสิกรไทยจำกัด (มหาชน)","F5D33BE9A430","20221124","0","0"
"AMLO-E1C2A045CCD8","E1C2A045CCD8005","3273554595","ตช.0015(213)/2565","","","","","ธนาคารเพื่อการเกษตรและสหกรณ์การเกษตร","F5D33BE9A430","20221124","0","0"
"AMLO-F50D8B7FCA45","F50D8B7FCA45005","9596230190","ตช.0015(214)/2565","","","","","ธนาคารกรุงไทย จำกัด (มหาชน)","F5D33BE9A430","20221124","0","0"
"AMLO-119B4720B096","119B4720B096005","5656150850","ตช.0015(215)/2565","","","","","ธนาคาร เจพีมอร์แกน เชส สาขากรุงเทพฯ","F5D33BE9A430","20221124","0","0"
"AMLO-CB8F78510B72","CB8F78510B72005","9189489799","ตช.0015(216)/2565","","","","","ธนาคาร ยูโอบี จำกัด (มหาชน)","F5D33BE9A430","20221124","0","0"
"AMLO-5C1B9B094062","5C1B9B094062005","9444912351","ตช.0015(217)/2565","","","","","ธนาคารซิตี้แบงก์ เอ็น.เอ.","F5D33BE9A430","20221124","0","0"
"AMLO-E9403C42A158","E9403C42A158005","9764604927","ตช.0015(218)/2565","","","","","ธนาคารเพื่อการเกษตรและสหกรณ์การเกษตร","F5D33BE9A430","20221124","0","0"
"AMLO-DD5075EAD961","DD5075EAD961005","4503016622","ตช.0015(219)/2565","","","","","ธนาคารกรุงไทย จำกัด (มหาชน)","F5D33BE9A430","20221124","0","0"
"AMLO-A4AA5F04B160","A4AA5F04B160005","3545377570","ตช.0015(220)/2565","","","","","ธนาคารเพื่อการเกษตรและสหกรณ์การเกษตร","F5D33BE9A430","20221124","0","0"
"AMLO-4226039C9414","4226039C9414005","7306651127","ตช.0015(221)/2565","","","","","ธนาคารเกียรตินาคินภัทร จำกัด (มหาชน)","F5D33BE9A430","20221124","0","0"
"AMLO-04F0574C953C","04F0574C953C005","4976171665","ตช.0015(222)/2565","","","","","ธนาคารซิตี้แบงก์ เอ็น.เอ.","F5D33BE9A430","20221124","0","0"
"AMLO-3EA67B7650E6","3EA67B7650E6005","6495599767","ตช.0015(223)/2565","","","","","ธนาคารกสิกรไทยจำกัด (มหาชน)","F5D33BE9A430","20221124","0","0"
"AMLO-0CE25B1D31B0","0CE25B1D31B0005","1866926606","ตช.0015(224)/2565","","","","","ธนาคารไทยเครดิต เพื่อรายย่อย จำกัด (มหาชน)","F5D33BE9A430","20221124","0","0"
"AMLO-A18B16DC8240","A18B16DC8240005","7723382075","ตช.0015(225)/2565","","","","","ธนาคารเกียรตินาคินภัทร จำกัด (มหาชน)","F5D33BE9A430","20221124","0","0"
"AMLO-DA0FB94E2BE2","DA0FB94E2BE2005","6508101649","ตช.0015(226)/2565","","","","","ธนาคาร ทหารไทยธนชาด จำกัด (มหาชน)","F5D33BE9A430","20221124","0","0"
"AMLO-C7402CC38B48","C7402CC38B48005","8292956730","ตช.0015(227)/2565","","","","","ธนาคารกรุงไทย จำกัด (มหาชน)","F5D33BE9A430","20221124","0","0"
"AMLO-BD233CE74C3D","BD233CE74C3D005","3865456168","ตช.0015(228)/2565","","","","","ธนาคารเพื่อการเกษตรและสหกรณ์การเกษตร","F5D33BE9A430","20221124","0","0"
"AMLO-DA44306E2BF8","DA44306E2BF8005","7838715854","ตช.0015(229)/2565","","","","","ธนาคารอาคารสงเคราะห์","F5D33BE9A430","20221124","0","0"
"AMLO-7B0C17DAE8BE","7B0C17DAE8BE005","3379364432","ตช.0015(230)/2565","","","","","ธนาคาร เจพีมอร์แกน เชส สาขากรุงเทพฯ","F5D33BE9A430","20221124","0","0"
"AMLO-65D55E6B8D7D","65D55E6B8D7D005","3144880520","ตช.0015(231)/2565","","","","","ธนาคารกรุงเทพ จำกัด (มหาชน)","F5D33BE9A430","20221124","0","0"
"AMLO-827283D52FA5","827283D52FA5005","3586940689","ตช.0015(232)/2565","","","","","ธนาคาร ไอซีบีซี (ไทย) จำกัด (มหาชน)","F5D33BE9A430","20221124","0","0"
"AMLO-E0F62A78D190","E0F62A78D190005","4756899497","ตช.0015(233)/2565","","","","","ธนาคารแห่งประเทศจีน (ไทย) จำกัด (มหาชน)","F5D33BE9A430","20221124","0","0"
"AMLO-CB80E61C585E","CB80E61C585E005","8960955148","ตช.0015(234)/2565","","","","","ธนาคาร ทหารไทยธนชาด จำกัด (มหาชน)","F5D33BE9A430","20221124","0","0"
"AMLO-1FE23D3AFA0D","1FE23D3AFA0D005","9169366193","ตช.0015(235)/2565","","","","","ธนาคาร เจพีมอร์แกน เชส สาขากรุงเทพฯ","F5D33BE9A430","20221124","0","0"
"AMLO-794EA6BFAA64","794EA6BFAA64005","7203444857","ตช.0015(236)/2565","","","","","ธนาคาร ทหารไทยธนชาด จำกัด (มหาชน)","F5D33BE9A430","20221124","0","0"
"AMLO-EC77C9A1E127","EC77C9A1E127005","6722423461","ตช.0015(237)/2565","","","","","ธนาคาร ไอซีบีซี (ไทย) จำกัด (มหาชน)","F5D33BE9A430","20221124","0","0"
"AMLO-7E61F7BE8504","7E61F7BE8504005","3602994721","ตช.0015(238)/2565","","","","","ธนาคารซิตี้แบงก์ เอ็น.เอ.","F5D33BE9A430","20221124","0","0"
"AMLO-E31B72E5A9C9","E31B72E5A9C9005","4195348819","ตช.0015(239)/2565","","","","","ธนาคารกรุงเทพ จำกัด (มหาชน)","F5D33BE9A430","20221124","0","0"
"AMLO-EE2937E5DEA1","EE2937E5DEA1005","6482365757","ตช.0015(240)/2565","","","","","ธนาคารกรุงศรีอยุธยา จำกัด (มหาชน)","F5D33BE9A430","20221124","0","0"
"AMLO-E0A6A8CEFD9F","E0A6A8CEFD9F005","4398259955","ตช.0015(241)/2565","","","","","ธนาคารกรุงศรีอยุธยา จำกัด (มหาชน)","F5D33BE9A430","20221124","0","0"
"AMLO-9D0F09DDE7DE","9D0F09DDE7DE005","4729803121","ตช.0015(242)/2565","","","","","ธนาคารอาคารสงเคราะห์","F5D33BE9A430","20221124","0","0"
"AMLO-EB785A8D4856","EB785A8D4856005","4524701222","ตช.0015(243)/2565","","","","","ธนาคารแห่งประเทศจีน (ไทย) จำกัด (มหาชน)","F5D33BE9A430","20221124","0","0"
"AMLO-FB1AC61CFFCC","FB1AC61CFFCC005","4407362239","ตช.0015(244)/2565","","","","","ธนาคาร เจพีมอร์แกน เชส สาขากรุงเทพฯ","F5D33BE9A430","20221124","0","0"
"AMLO-5E9FEE9B8C55","5E9FEE9B8C55005","8883549771","ตช.0015(245)/2565","","","","","ธนาคารเพื่อการส่งออกและนำเข้าแห่งประเทศไทย","F5D33BE9A430","20221124","0","0"
"AMLO-D92C78559B73","D92C78559B73005","5737622671","ตช.0015(246)/2565","","","","","ธนาคารซิตี้แบงก์ เอ็น.เอ.","F5D33BE9A430","20221124","0","0"
"AMLO-628E364D3052","628E364D3052005","9281064197","ตช.0015(247)/2565","","","","","ธนาคาร ไอซีบีซี (ไทย) จำกัด (มหาชน)","F5D33BE9A430","20221124","0","0"
"AMLO-7DE9F477E35A","7DE9F477E35A005","4495020127","ตช.0015(248)/2565","","","","","ธนาคารอาคารสงเคราะห์","F5D33BE9A430","20221124","0","0"
"AMLO-F8FEBB4A5D3E","F8FEBB4A5D3E005","5229899280","ตช.0015(249)/2565","","","","","ธนาคารกสิกรไทยจำกัด (มหาชน)","F5D33BE9A430","20221124","0","0"
"AMLO-347B0A6FF77B","347B0A6FF77B005","6870298873","ตช.0015(250)/2565","","","","","ธนาคาร ยูโอบี จำกัด (มหาชน)","F5D33BE9A430","20221124","0","0"
"AMLO-2168F9DA39A1","2168F9DA39A1005","2459320339","ตช.0015(251)/2565","","","","","ธนาคารกสิกรไทยจำกัด (มหาชน)","F5D33BE9A430","20221124","0","0"
"AMLO-E8DB6E3EAB0A","E8DB6E3EAB0A005","4209075302","ตช.0015(252)/2565","","","","","ธนาคารกรุงไทย จำกัด (มหาชน)","F5D33BE9A430","20221124","0","0"
"AMLO-F838A0CDF4A8","F838A0CDF4A8005","6622850412","ตช.0015(253)/2565","","","","","ธนาคารอาคารสงเคราะห์","F5D33BE9A430","20221124","0","0"
"AMLO-6B431A587BEC","6B431A587BEC005","9305801536","ตช.0015(254)/2565","","","","","ธนาคารกรุงศรีอยุธยา จำกัด (มหาชน)","F5D33BE9A430","20221124","0","0"
"AMLO-139696AFBCB2","139696AFBCB2005","1573511530","ตช.0015(255)/2565","","","","","ธนาคาร ยูโอบี จำกัด (มหาชน)","F5D33BE9A430","20221124","0","0"
"AMLO-9882064B5938","9882064B5938005","1390742561","ตช.0015(256)/2565","","","","","ธนาคาร เจพีมอร์แกน เชส สาขากรุงเทพฯ","F5D33BE9A430","20221124","0","0"
"AMLO-D6351F2E41C2","D6351F2E41C2005","1684830339","ตช.0015(257)/2565","","","","","ธนาคารซิตี้แบงก์ เอ็น.เอ.","F5D33BE9A430","20221124","0","0"
"AMLO-F073C48B7919","F073C48B7919005","5521175812","ตช.0015(258)/2565","","","","","ธนาคาร ไอซีบีซี (ไทย) จำกัด (มหาชน)","F5D33BE9A430","20221124","0","0"
"AMLO-27E2F17677CB","27E2F17677CB005","3552216966","ตช.0015(259)/2565","","","","","ธนาคารเพื่อการส่งออกและนำเข้าแห่งประเทศไทย","F5D33BE9A430","20221124","0","0"
"AMLO-709F0C3D0767","709F0C3D0767005","5686134623","ตช.0015(260)/2565","","","","","ธนาคารสแตนดาร์ดชาร์เตอร์ด (ไทย) จำกัด (มหาชน)","F5D33BE9A430","20221124","0","0"
"AMLO-2AF28BC562A9","2AF28BC562A9005","8738745599","ตช.0015(261)/2565","","","","","ธนาคารเพื่อการเกษตรและสหกรณ์การเกษตร","F5D33BE9A430","20221124","0","0"
"AMLO-BF0051648EDE","BF0051648EDE005","5375923393","ตช.0015(262)/2565","","","","","ธนาคารสแตนดาร์ดชาร์เตอร์ด (ไทย) จำกัด (มหาชน)","F5D33BE9A430","20221124","0","0"
"AMLO-CA1AFD6741C5","CA1AFD6741C5005","2584523776","ตช.0015(263)/2565","","","","","ธนาคาร เจพีมอร์แกน เชส สาขากรุงเทพฯ","F5D33BE9A430","20221124","0","0"
"AMLO-DDABDC727C42","DDABDC727C42005","8965202119","ตช.0015(264)/2565","","","","","ธนาคารแห่งประเทศจีน (ไทย) จำกัด (มหาชน)","F5D33BE9A430","20221124","0","0"
"AMLO-777664BD54D0","777664BD54D0005","7145658777","ตช.0015(265)/2565","","","","","ธนาคารเพื่อการส่งออกและนำเข้าแห่งประเทศไทย","F5D33BE9A430","20221124","0","0"
"AMLO-150F0CC7DFD0","150F0CC7DFD0005","3148148510","ตช.0015(266)/2565","","","","","ธนาคาร เจพีมอร์แกน เชส สาขากรุงเทพฯ","F5D33BE9A430","20221124","0","0"
"AMLO-FA4C20CC65CF","FA4C20CC65CF005","9204873201","ตช.0015(267)/2565","","","","","ธนาคาร ไอซีบีซี (ไทย) จำกัด (มหาชน)","F5D33BE9A430","20221124","0","0"
"AMLO-5C3F87308310","5C3F87308310005","6478527468","ตช.0015(268)/2565","","","","","ธนาคารสแตนดาร์ดชาร์เตอร์ด (ไทย) จำกัด (มหาชน)","F5D33BE9A430","20221124","0","0"
"AMLO-73FAC7E08AE1","73FAC7E08AE1005","6387923876","ตช.0015(269)/2565","","","","","ธนาคารเกียรตินาคินภัทร จำกัด (มหาชน)","F5D33BE9A430","20221124","0","0"
"AMLO-A7890E5781BD","A7890E5781BD005","3438658579","ตช.0015(270)/2565","","","","","ธนาคารสแตนดาร์ดชาร์เตอร์ด (ไทย) จำกัด (มหาชน)","F5D33BE9A430","20221124","0","0"
"AMLO-7CCE34CBBE99","7CCE34CBBE99005","6826832444","ตช.0015(271)/2565","","","","","ธนาคาร ทหารไทยธนชาด จำกัด (มหาชน)","F5D33BE9A430","20221124","0","0"
"AMLO-2FC16101B1DF","2FC16101B1DF005","9997982936","ตช.0015(272)/2565","","","","","ธนาคารกสิกรไทยจำกัด (มหาชน)","F5D33BE9A430","20221124","0","0"
"AMLO-CB504EFAF865","CB504EFAF865005","6148867540","ตช.0015(273)/2565","","","","","ธนาคารกสิกรไทยจำกัด (มหาชน)","F5D33BE9A430","20221124","0","0"
"AMLO-4EAB87821D30","4EAB87821D30005","6667046614","ตช.0015(274)/2565","","","","","ธนาคารกรุงไทย จำกัด (มหาชน)","F5D33BE9A430","20221124","0","0"
"AMLO-AE82D938C8CA","AE82D938C8CA005","6724483422","ตช.0015(275)/2565","","","","","ธนาคาร ยูโอบี จำกัด (มหาชน)","F5D33BE9A430","20221124","0","0"
"AMLO-84C46450F96E","84C46450F96E005","9383350202","ตช.0015(276)/2565","","","","","ธนาคารอาคารสงเคราะห์","F5D33BE9A430","20221124","0","0"
"AMLO-2D8D77A0F099","2D8D77A0F099005","5189970509","ตช.0015(277)/2565","","","","","ธนาคารแห่งประเทศจีน (ไทย) จำกัด (มหาชน)","F5D33BE9A430","20221124","0","0"
"AMLO-FF3468684F0E","FF3468684F0E005","7468739227","ตช.0015(278)/2565","","","","","ธนาคารกรุงไทย จำกัด (มหาชน)","F5D33BE9A430","20221124","0","0"
"AMLO-2A258D6F7327","2A258D6F7327005","6871479307","ตช.0015(279)/2565","","","","","ธนาคาร ไอซีบีซี (ไทย) จำกัด (มหาชน)","F5D33BE9A430","20221124","0","0"
"AMLO-2F7EEA7849DC","2F7EEA7849DC005","1776951800","ตช.0015(280)/2565","","","","","ธนาคารกรุงเทพ จำกัด (มหาชน)","F5D33BE9A430","20221124","0","0"
"AMLO-9C6E19CAA871","9C6E19CAA871005","8798474231","ตช.0015(281)/2565","","","","","ธนาคารเกียรตินาคินภัทร จำกัด (มหาชน)","F5D33BE9A430","20221124","0","0"
"AMLO-8C1A4C9A55DD","8C1A4C9A55DD005","6850735570","ตช.0015(282)/2565","","","","","ธนาคารสแตนดาร์ดชาร์เตอร์ด (ไทย) จำกัด (มหาชน)","F5D33BE9A430","20221124","0","0"
"AMLO-D8528C6379B4","D8528C6379B4005","6294988860","ตช.0015(283)/2565","","","","","ธนาคารไทยเครดิต เพื่อรายย่อย จำกัด (มหาชน)","F5D33BE9A430","20221124","0","0"
"AMLO-34EA8881EB8D","34EA8881EB8D005","8620451894","ตช.0015(284)/2565","","","","","ธนาคาร ยูโอบี จำกัด (มหาชน)","F5D33BE9A430","20221124","0","0"
"AMLO-02EE85F3D30E","02EE85F3D30E005","2384943566","ตช.0015(285)/2565","","","","","ธนาคารแห่งประเทศจีน (ไทย) จำกัด (มหาชน)","F5D33BE9A430","20221124","0","0"
"AMLO-7DD62E4DFEE6","7DD62E4DFEE6005","4794132295","ตช.0015(286)/2565","","","","","ธนาคารซิตี้แบงก์ เอ็น.เอ.","F5D33BE9A430","20221124","0","0"
"AMLO-10EAEA5951FA","10EAEA5951FA005","3304422125","ตช.0015(287)/2565","","","","","ธนาคาร ยูโอบี จำกัด (มหาชน)","F5D33BE9A430","20221124","0","0"
"AMLO-A76A7773EA57","A76A7773EA57005","8860951135","ตช.0015(288)/2565","","","","","ธนาคารกรุงไทย จำกัด (มหาชน)","F5D33BE9A430","20221124","0","0"
"AMLO-DAC2442E1D60","DAC2442E1D60005","3678602048","ตช.0015(289)/2565","","","","","ธนาคารซิตี้แบงก์ เอ็น.เอ.","F5D33BE9A430","20221124","0","0"
"AMLO-847AF8ED6F76","847AF8ED6F76005","3905827541","ตช.0015(290)/2565","","","","","ธนาคารเพื่อการเกษตรและสหกรณ์การเกษตร","F5D33BE9A430","20221124","0","0"
"AMLO-0CC03F88CAD0","0CC03F88CAD0005","6968018719","ตช.0015(291)/2565","","","","","ธนาคารไทยเครดิต เพื่อรายย่อย จำกัด (มหาชน)","F5D33BE9A430","20221124","0","0"
"AMLO-B07A8AF4F0D7","B07A8AF4F0D7005","6896343584","ตช.0015(292)/2565","","","","","ธนาคาร ยูโอบี จำกัด (มหาชน)","F5D33BE9A430","20221124","0","0"
"AMLO-70E01B8DEDDE","70E01B8DEDDE005","7659303928","ตช.0015(293)/2565","","","","","ธนาคาร ทหารไทยธนชาด จำกัด (มหาชน)","F5D33BE9A430","20221124","0","0"
"AMLO-27706ADB6E22","27706ADB6E22005","8403244669","ตช.0015(294)/2565","","","","","ธนาคารเพื่อการส่งออกและนำเข้าแห่งประเทศไทย","F5D33BE9A430","20221124","0","0"
"AMLO-89C0071033C4","89C0071033C4005","7397935011","ตช.0015(295)/2565","","","","","ธนาคารอาคารสงเคราะห์","F5D33BE9A430","20221124","0","0"
"AMLO-745FB6360C5C","745FB6360C5C005","3890428425","ตช.0015(296)/2565","","","","","ธนาคารเกียรตินาคินภัทร จำกัด (มหาชน)","F5D33BE9A430","20221124","0","0"
"AMLO-84AB312E726C","84AB312E726C005","3742092252","ตช.0015(297)/2565","","","","","ธนาคารทิสโก้ จำกัด (มหาชน)","F5D33BE9A430","20221124","0","0"
"AMLO-E5B49E73FA16","E5B49E73FA16005","6827019804","ตช.0015(298)/2565","","","","","ธนาคารไทยเครดิต เพื่อรายย่อย จำกัด (มหาชน)","F5D33BE9A430","20221124","0","0"
"AMLO-A71CD9CD6762","A71CD9CD6762005","6425674394","ตช.0015(299)/2565","","","","","ธนาคารเพื่อการเกษตรและสหกรณ์การเกษตร","F5D33BE9A430","20221124","0","0"
"AMLO-65A8BE503EBC","65A8BE503EBC005","3981153745","ตช.0015(300)/2565","","","","","ธนาคารกรุงศรีอยุธยา จำกัด (มหาชน)","F5D33BE9A430","20221124","0","0"
