"ENTITY_ID","SYS_ID","TYPE","COUNTRY_TYPE","COUNTRY_CODE","COUNTRY_DESC","MAIN_ENTRY","SUB_ENTITY_ID","BATCH_NO","BATCH_DATE"
"AMLO-B4A9A69272B0","B4A9A69272B0007","1","Nationality","","ไทย","0","","F5D33BE9A430","20221124"
"AMLO-A1FC0F120B5A","A1FC0F120B5A007","1","Nationality","","ไทย","0","","F5D33BE9A430","20221124"
"AMLO-DC94A4E6D895","DC94A4E6D895007","1","Nationality","","ไทย","0","","F5D33BE9A430","20221124"
"AMLO-1EC839964331","1EC839964331007","1","Nationality","","ไทย","0","","F5D33BE9A430","20221124"
"AMLO-F360562213D4","F360562213D4007","1","Nationality","","ไทย","0","","F5D33BE9A430","20221124"
"AMLO-F93F177E739C","F93F177E739C007","1","Nationality","","ไทย","0","","F5D33BE9A430","20221124"
"AMLO-9F9A4BE7DCDA","9F9A4BE7DCDA007","1","Nationality","","ไทย","0","","F5D33BE9A430","20221124"
"AMLO-46120D803BA3","46120D803BA3007","1","Nationality","","ไทย","0","","F5D33BE9A430","20221124"
"AMLO-9F7F98B60EAB","9F7F98B60EAB007","1","Nationality","","ไทย","0","","F5D33BE9A430","20221124"
"AMLO-25A6762949A2","25A6762949A2007","1","Nationality","","ไทย","0","","F5D33BE9A430","20221124"
"AMLO-A4F94C3783C4","A4F94C3783C4007","1","Nationality","","ไทย","0","","F5D33BE9A430","20221124"
"AMLO-E1A7B25B4B6A","E1A7B25B4B6A007","1","Nationality","","ไทย","0","","F5D33BE9A430","20221124"
"AMLO-E1C2A045CCD8","E1C2A045CCD8007","1","Nationality","","ไทย","0","","F5D33BE9A430","20221124"
"AMLO-F50D8B7FCA45","F50D8B7FCA45007","1","Nationality","","ไทย","0","","F5D33BE9A430","20221124"
"AMLO-119B4720B096","119B4720B096007","1","Nationality","","ไทย","0","","F5D33BE9A430","20221124"
"AMLO-CB8F78510B72","CB8F78510B72007","1","Nationality","","ไทย","0","","F5D33BE9A430","20221124"
"AMLO-5C1B9B094062","5C1B9B094062007","1","Nationality","","ไทย","0","","F5D33BE9A430","20221124"
"AMLO-E9403C42A158","E9403C42A158007","1","Nationality","","ไทย","0","","F5D33BE9A430","20221124"
"AMLO-DD5075EAD961","DD5075EAD961007","1","Nationality","","ไทย","0","","F5D33BE9A430","20221124"
"AMLO-A4AA5F04B160","A4AA5F04B160007","1","Nationality","","ไทย","0","","F5D33BE9A430","20221124"
"AMLO-4226039C9414","4226039C9414007","1","Nationality","","ไทย","0","","F5D33BE9A430","20221124"
"AMLO-04F0574C953C","04F0574C953C007","1","Nationality","","ไทย","0","","F5D33BE9A430","20221124"
"AMLO-3EA67B7650E6","3EA67B7650E6007","1","Nationality","","ไทย","0","","F5D33BE9A430","20221124"
"AMLO-0CE25B1D31B0","0CE25B1D31B0007","1","Nationality","","ไทย","0","","F5D33BE9A430","20221124"
"AMLO-A18B16DC8240","A18B16DC8240007","1","Nationality","","ไทย","0","","F5D33BE9A430","20221124"
"AMLO-DA0FB94E2BE2","DA0FB94E2BE2007","1","Nationality","","ไทย","0","","F5D33BE9A430","20221124"
"AMLO-C7402CC38B48","C7402CC38B48007","1","Nationality","","ไทย","0","","F5D33BE9A430","20221124"
"AMLO-BD233CE74C3D","BD233CE74C3D007","1","Nationality","","ไทย","0","","F5D33BE9A430","20221124"
"AMLO-DA44306E2BF8","DA44306E2BF8007","1","Nationality","","ไทย","0","","F5D33BE9A430","20221124"
"AMLO-7B0C17DAE8BE","7B0C17DAE8BE007","1","Nationality","","ไทย","0","","F5D33BE9A430","20221124"
"AMLO-65D55E6B8D7D","65D55E6B8D7D007","1","Nationality","","ไทย","0","","F5D33BE9A430","20221124"
"AMLO-827283D52FA5","827283D52FA5007","1","Nationality","","ไทย","0","","F5D33BE9A430","20221124"
"AMLO-E0F62A78D190","E0F62A78D190007","1","Nationality","","ไทย","0","","F5D33BE9A430","20221124"
"AMLO-CB80E61C585E","CB80E61C585E007","1","Nationality","","ไทย","0","","F5D33BE9A430","20221124"
"AMLO-1FE23D3AFA0D","1FE23D3AFA0D007","1","Nationality","","ไทย","0","","F5D33BE9A430","20221124"
"AMLO-794EA6BFAA64","794EA6BFAA64007","1","Nationality","","ไทย","0","","F5D33BE9A430","20221124"
"AMLO-EC77C9A1E127","EC77C9A1E127007","1","Nationality","","ไทย","0","","F5D33BE9A430","20221124"
"AMLO-7E61F7BE8504","7E61F7BE8504007","1","Nationality","","ไทย","0","","F5D33BE9A430","20221124"
"AMLO-E31B72E5A9C9","E31B72E5A9C9007","1","Nationality","","ไทย","0","","F5D33BE9A430","20221124"
"AMLO-EE2937E5DEA1","EE2937E5DEA1007","1","Nationality","","ไทย","0","","F5D33BE9A430","20221124"
"AMLO-E0A6A8CEFD9F","E0A6A8CEFD9F007","1","Nationality","","ไทย","0","","F5D33BE9A430","20221124"
"AMLO-9D0F09DDE7DE","9D0F09DDE7DE007","1","Nationality","","ไทย","0","","F5D33BE9A430","20221124"
"AMLO-EB785A8D4856","EB785A8D4856007","1","Nationality","","ไทย","0","","F5D33BE9A430","20221124"
"AMLO-FB1AC61CFFCC","FB1AC61CFFCC007","1","Nationality","","ไทย","0","","F5D33BE9A430","20221124"
"AMLO-5E9FEE9B8C55","5E9FEE9B8C55007","1","Nationality","","ไทย","0","","F5D33BE9A430","20221124"
"AMLO-D92C78559B73","D92C78559B73007","1","Nationality","","ไทย","0","","F5D33BE9A430","20221124"
"AMLO-628E364D3052","628E364D3052007","1","Nationality","","ไทย","0","","F5D33BE9A430","20221124"
"AMLO-7DE9F477E35A","7DE9F477E35A007","1","Nationality","","ไทย","0","","F5D33BE9A430","20221124"
"AMLO-F8FEBB4A5D3E","F8FEBB4A5D3E007","1","Nationality","","ไทย","0","","F5D33BE9A430","20221124"
"AMLO-347B0A6FF77B","347B0A6FF77B007","1","Nationality","","ไทย","0","","F5D33BE9A430","20221124"
"AMLO-2168F9DA39A1","2168F9DA39A1007","1","Nationality","","ไทย","0","","F5D33BE9A430","20221124"
"AMLO-E8DB6E3EAB0A","E8DB6E3EAB0A007","1","Nationality","","ไทย","0","","F5D33BE9A430","20221124"
"AMLO-F838A0CDF4A8","F838A0CDF4A8007","1","Nationality","","ไทย","0","","F5D33BE9A430","20221124"
"AMLO-6B431A587BEC","6B431A587BEC007","1","Nationality","","ไทย","0","","F5D33BE9A430","20221124"
"AMLO-139696AFBCB2","139696AFBCB2007","1","Nationality","","ไทย","0","","F5D33BE9A430","20221124"
"AMLO-9882064B5938","9882064B5938007","1","Nationality","","ไทย","0","","F5D33BE9A430","20221124"
"AMLO-D6351F2E41C2","D6351F2E41C2007","1","Nationality","","ไทย","0","","F5D33BE9A430","20221124"
"AMLO-F073C48B7919","F073C48B7919007","1","Nationality","","ไทย","0","","F5D33BE9A430","20221124"
"AMLO-27E2F17677CB","27E2F17677CB007","1","Nationality","","ไทย","0","","F5D33BE9A430","20221124"
"AMLO-709F0C3D0767","709F0C3D0767007","1","Nationality","","ไทย","0","","F5D33BE9A430","20221124"
"AMLO-2AF28BC562A9","2AF28BC562A9007","1","Nationality","","ไทย","0","","F5D33BE9A430","20221124"
"AMLO-BF0051648EDE","BF0051648EDE007","1","Nationality","","ไทย","0","","F5D33BE9A430","20221124"
"AMLO-CA1AFD6741C5","CA1AFD6741C5007","1","Nationality","","ไทย","0","","F5D33BE9A430","20221124"
"AMLO-DDABDC727C42","DDABDC727C42007","1","Nationality","","ไทย","0","","F5D33BE9A430","20221124"
"AMLO-777664BD54D0","777664BD54D0007","1","Nationality","","ไทย","0","","F5D33BE9A430","20221124"
"AMLO-150F0CC7DFD0","150F0CC7DFD0007","1","Nationality","","ไทย","0","","F5D33BE9A430","20221124"
"AMLO-FA4C20CC65CF","FA4C20CC65CF007","1","Nationality","","ไทย","0","","F5D33BE9A430","20221124"
"AMLO-5C3F87308310","5C3F87308310007","1","Nationality","","ไทย","0","","F5D33BE9A430","20221124"
"AMLO-73FAC7E08AE1","73FAC7E08AE1007","1","Nationality","","ไทย","0","","F5D33BE9A430","20221124"
"AMLO-A7890E5781BD","A7890E5781BD007","1","Nationality","","ไทย","0","","F5D33BE9A430","20221124"
"AMLO-7CCE34CBBE99","7CCE34CBBE99007","1","Nationality","","ไทย","0","","F5D33BE9A430","20221124"
"AMLO-2FC16101B1DF","2FC16101B1DF007","1","Nationality","","ไทย","0","","F5D33BE9A430","20221124"
"AMLO-CB504EFAF865","CB504EFAF865007","1","Nationality","","ไทย","0","","F5D33BE9A430","20221124"
"AMLO-4EAB87821D30","4EAB87821D30007","1","Nationality","","ไทย","0","","F5D33BE9A430","20221124"
"AMLO-AE82D938C8CA","AE82D938C8CA007","1","Nationality","","ไทย","0","","F5D33BE9A430","20221124"
"AMLO-84C46450F96E","84C46450F96E007","1","Nationality","","ไทย","0","","F5D33BE9A430","20221124"
"AMLO-2D8D77A0F099","2D8D77A0F099007","1","Nationality","","ไทย","0","","F5D33BE9A430","20221124"
"AMLO-FF3468684F0E","FF3468684F0E007","1","Nationality","","ไทย","0","","F5D33BE9A430","20221124"
"AMLO-2A258D6F7327","2A258D6F7327007","1","Nationality","","ไทย","0","","F5D33BE9A430","20221124"
"AMLO-2F7EEA7849DC","2F7EEA7849DC007","1","Nationality","","ไทย","0","","F5D33BE9A430","20221124"
"AMLO-9C6E19CAA871","9C6E19CAA871007","1","Nationality","","ไทย","0","","F5D33BE9A430","20221124"
"AMLO-8C1A4C9A55DD","8C1A4C9A55DD007","1","Nationality","","ไทย","0","","F5D33BE9A430","20221124"
"AMLO-D8528C6379B4","D8528C6379B4007","1","Nationality","","ไทย","0","","F5D33BE9A430","20221124"
"AMLO-34EA8881EB8D","34EA8881EB8D007","1","Nationality","","ไทย","0","","F5D33BE9A430","20221124"
"AMLO-02EE85F3D30E","02EE85F3D30E007","1","Nationality","","ไทย","0","","F5D33BE9A430","20221124"
"AMLO-7DD62E4DFEE6","7DD62E4DFEE6007","1","Nationality","","ไทย","0","","F5D33BE9A430","20221124"
"AMLO-10EAEA5951FA","10EAEA5951FA007","1","Nationality","","ไทย","0","","F5D33BE9A430","20221124"
"AMLO-A76A7773EA57","A76A7773EA57007","1","Nationality","","ไทย","0","","F5D33BE9A430","20221124"
"AMLO-DAC2442E1D60","DAC2442E1D60007","1","Nationality","","ไทย","0","","F5D33BE9A430","20221124"
"AMLO-847AF8ED6F76","847AF8ED6F76007","1","Nationality","","ไทย","0","","F5D33BE9A430","20221124"
"AMLO-0CC03F88CAD0","0CC03F88CAD0007","1","Nationality","","ไทย","0","","F5D33BE9A430","20221124"
"AMLO-B07A8AF4F0D7","B07A8AF4F0D7007","1","Nationality","","ไทย","0","","F5D33BE9A430","20221124"
"AMLO-70E01B8DEDDE","70E01B8DEDDE007","1","Nationality","","ไทย","0","","F5D33BE9A430","20221124"
"AMLO-27706ADB6E22","27706ADB6E22007","1","Nationality","","ไทย","0","","F5D33BE9A430","20221124"
"AMLO-89C0071033C4","89C0071033C4007","1","Nationality","","ไทย","0","","F5D33BE9A430","20221124"
"AMLO-745FB6360C5C","745FB6360C5C007","1","Nationality","","ไทย","0","","F5D33BE9A430","20221124"
"AMLO-84AB312E726C","84AB312E726C007","1","Nationality","","ไทย","0","","F5D33BE9A430","20221124"
"AMLO-E5B49E73FA16","E5B49E73FA16007","1","Nationality","","ไทย","0","","F5D33BE9A430","20221124"
"AMLO-A71CD9CD6762","A71CD9CD6762007","1","Nationality","","ไทย","0","","F5D33BE9A430","20221124"
"AMLO-65A8BE503EBC","65A8BE503EBC007","1","Nationality","","ไทย","0","","F5D33BE9A430","20221124"
