"ENTITY_ID","SYS_ID","NAME","BATCH_NO","BATCH_DATE"
"AMLO-BF8A9E8BC8E7","BF8A9E8BC8E7008","ร.ต.อ.xxxx xxxxx_080-000-0100_สน.ลำผักชี","E432C27719D8","20221124"
"AMLO-E5670CFCB45D","E5670CFCB45D008","ร.ต.อ.xxxx xxxxx_080-000-0101_สน.ลำหิน","E432C27719D8","20221124"
"AMLO-E7EFE29EA1B5","E7EFE29EA1B5008","ร.ต.อ.xxxx xxxxx_080-000-0102_สน.ลุมพินี","E432C27719D8","20221124"
"AMLO-22CCE25534C7","22CCE25534C7008","ร.ต.อ.xxxx xxxxx_080-000-0103_สน.วังทองหลาง","E432C27719D8","20221124"
"AMLO-D4677EEB1E42","D4677EEB1E42008","ร.ต.อ.xxxx xxxxx_080-000-0104_สน.วัดพระยาไกร","E432C27719D8","20221124"
"AMLO-EA94D1C72493","EA94D1C72493008","ร.ต.อ.xxxx xxxxx_080-000-0105_สน.ศาลาแดง","E432C27719D8","20221124"
"AMLO-80C9CF227810","80C9CF227810008","ร.ต.อ.xxxx xxxxx_080-000-0106_สน.สมเด็จเจ้าพระยา","E432C27719D8","20221124"
"AMLO-5EE1C259ACE2","5EE1C259ACE2008","ร.ต.อ.xxxx xxxxx_080-000-0107_น.สามเสน","E432C27719D8","20221124"
"AMLO-AF8FD2C39157","AF8FD2C39157008","ร.ต.อ.xxxx xxxxx_080-000-0108_สน.สายไหม","E432C27719D8","20221124"
"AMLO-E23A734272D8","E23A734272D8008","ร.ต.อ.xxxx xxxxx_080-000-0109_สน.สำราญราษฏร์","E432C27719D8","20221124"
"AMLO-03A91DA46166","03A91DA46166008","ร.ต.อ.xxxx xxxxx_080-000-0110_สน.สำเหร่","E432C27719D8","20221124"
"AMLO-BCB3FC5DDAC2","BCB3FC5DDAC2008","ร.ต.อ.xxxx xxxxx_080-000-0111_สน.สุทธิสาร","E432C27719D8","20221124"
"AMLO-F6EC18CBB7EF","F6EC18CBB7EF008","ร.ต.อ.xxxx xxxxx_080-000-0112_สน.สุวินทวงศ์","E432C27719D8","20221124"
"AMLO-68576661AD18","68576661AD18008","ร.ต.อ.xxxx xxxxx_080-000-0113_สน.แสมดำ","E432C27719D8","20221124"
"AMLO-DC5AC74E8C85","DC5AC74E8C85008","ร.ต.อ.xxxx xxxxx_080-000-0114_สน.หนองแขม","E432C27719D8","20221124"
"AMLO-FA059C36091E","FA059C36091E008","ร.ต.อ.xxxx xxxxx_080-000-0115_สน.หนองค้างพลู","E432C27719D8","20221124"
"AMLO-B493BCB75F11","B493BCB75F11008","ร.ต.อ.xxxx xxxxx_080-000-0116_สน.หนองจอก","E432C27719D8","20221124"
"AMLO-9368F36D4A62","9368F36D4A62008","ร.ต.อ.xxxx xxxxx_080-000-0117_สน.หลักสอง","E432C27719D8","20221124"
"AMLO-BFE1087C02F3","BFE1087C02F3008","ร.ต.อ.xxxx xxxxx_080-000-0118_สน.หนองค้างพลู","E432C27719D8","20221124"
"AMLO-010D5163D866","010D5163D866008","ร.ต.อ.xxxx xxxxx_080-000-0119_สน.หนองจอก","E432C27719D8","20221124"
"AMLO-F2EE66D5D4CB","F2EE66D5D4CB008","ร.ต.อ.xxxx xxxxx_080-000-0120_สน.หลักสอง","E432C27719D8","20221124"
"AMLO-83B92E724EB6","83B92E724EB6008","ร.ต.อ.xxxx xxxxx_080-000-0121_สภ.เกาะกลาง ","E432C27719D8","20221124"
"AMLO-20A7051FD591","20A7051FD591008","ร.ต.อ.xxxx xxxxx_080-000-0122_สภ.เกาะพีพี","E432C27719D8","20221124"
"AMLO-76FA6172339F","76FA6172339F008","ร.ต.อ.xxxx xxxxx_080-000-0123_สภ.เกาะลันตา ","E432C27719D8","20221124"
"AMLO-D794B077F1B7","D794B077F1B7008","ร.ต.อ.xxxx xxxxx_080-000-0124_สภ.เขาพนม ","E432C27719D8","20221124"
"AMLO-7D3491696DA1","7D3491696DA1008","ร.ต.อ.xxxx xxxxx_080-000-0125_สภ.คลองขนาน ","E432C27719D8","20221124"
"AMLO-02D72AE93026","02D72AE93026008","ร.ต.อ.xxxx xxxxx_080-000-0126_สภ.คลองท่อม ","E432C27719D8","20221124"
"AMLO-4D6493DEEC96","4D6493DEEC96008","ร.ต.อ.xxxx xxxxx_080-000-0127_สภ.ทรายขาว ","E432C27719D8","20221124"
"AMLO-7C91628DF96E","7C91628DF96E008","ร.ต.อ.xxxx xxxxx_080-000-0128_สภ.ปลายพระยา ","E432C27719D8","20221124"
"AMLO-E6D968E1DDA0","E6D968E1DDA0008","ร.ต.อ.xxxx xxxxx_080-000-0129_สภ.เมืองกระบี่","E432C27719D8","20221124"
"AMLO-47849529AB1D","47849529AB1D008","ร.ต.อ.xxxx xxxxx_080-000-0130_สภ.ลำทับ ","E432C27719D8","20221124"
"AMLO-2F68090425E2","2F68090425E2008","ร.ต.อ.xxxx xxxxx_080-000-0131_สภ.เหนือคลอง ","E432C27719D8","20221124"
"AMLO-1ECC966E499D","1ECC966E499D008","ร.ต.อ.xxxx xxxxx_080-000-0132_สภ.อ่าวนาง","E432C27719D8","20221124"
"AMLO-9C159FD1B1FE","9C159FD1B1FE008","ร.ต.อ.xxxx xxxxx_080-000-0133_สภ.อ่าวลึก ","E432C27719D8","20221124"
"AMLO-E60E9D2EFC34","E60E9D2EFC34008","ร.ต.อ.xxxx xxxxx_080-000-0134_สภ.บางคนฑี ","E432C27719D8","20221124"
"AMLO-2272386F6605","2272386F6605008","ร.ต.อ.xxxx xxxxx_080-000-0135_สภ.เมืองสมุทรสงคราม","E432C27719D8","20221124"
"AMLO-6599C8BD20EA","6599C8BD20EA008","ร.ต.อ.xxxx xxxxx_080-000-0136_สภ.ยี่สาร ","E432C27719D8","20221124"
"AMLO-08D3DE1416B0","08D3DE1416B0008","ร.ต.อ.xxxx xxxxx_080-000-0137_สภ.ลาดใหญ่ ","E432C27719D8","20221124"
"AMLO-9F422FE84834","9F422FE84834008","ร.ต.อ.xxxx xxxxx_080-000-0138_สภ.อัมพวา ","E432C27719D8","20221124"
"AMLO-0BB2248D285E","0BB2248D285E008","ร.ต.อ.xxxx xxxxx_080-000-0139_ภ.เกษไชโย ","E432C27719D8","20221124"
"AMLO-17128A5B89E2","17128A5B89E2008","ร.ต.อ.xxxx xxxxx_080-000-0140_ภ.ไชโย ","E432C27719D8","20221124"
"AMLO-943E84DEEED8","943E84DEEED8008","ร.ต.อ.xxxx xxxxx_080-000-0141_ภ.บางจัก ","E432C27719D8","20221124"
"AMLO-95B4753CA4AB","95B4753CA4AB008","ร.ต.อ.xxxx xxxxx_080-000-0142_ภ.ป่าโมก ","E432C27719D8","20221124"
"AMLO-49E3F7625EEB","49E3F7625EEB008","ร.ต.อ.xxxx xxxxx_080-000-0143_ภ.โพธิ์ทอง ","E432C27719D8","20221124"
"AMLO-DB8F1B304B3A","DB8F1B304B3A008","ร.ต.อ.xxxx xxxxx_080-000-0144_ภ.เมืองอ่างทอง","E432C27719D8","20221124"
"AMLO-4F8EDF47BD09","4F8EDF47BD09008","ร.ต.อ.xxxx xxxxx_080-000-0145_ภ.รำมะสัก ","E432C27719D8","20221124"
"AMLO-53BA87676718","53BA87676718008","ร.ต.อ.xxxx xxxxx_080-000-0146_ภ.วิเศษชัยชาญ ","E432C27719D8","20221124"
"AMLO-CFBC790F068E","CFBC790F068E008","ร.ต.อ.xxxx xxxxx_080-000-0147_ภ.สามโก้ ","E432C27719D8","20221124"
"AMLO-A57AE66289C4","A57AE66289C4008","ร.ต.อ.xxxx xxxxx_080-000-0148_ภ.สีบัวทอง ","E432C27719D8","20221124"
"AMLO-5CDF07CA3DE6","5CDF07CA3DE6008","ร.ต.อ.xxxx xxxxx_080-000-0149_ภ.แสวงหา ","E432C27719D8","20221124"
"AMLO-63F45210C9CB","63F45210C9CB008","ร.ต.อ.xxxx xxxxx_080-000-0150_ส.รฟ.ธนบุรี","E432C27719D8","20221124"
"AMLO-A81B3210A11B","A81B3210A11B008","ร.ต.อ.xxxx xxxxx_080-000-0151_ส.รฟ.นพวงศ์","E432C27719D8","20221124"
"AMLO-C8519EEE0BE4","C8519EEE0BE4008","ร.ต.อ.xxxx xxxxx_080-000-0152_ส.รฟ.มักกะสัน","E432C27719D8","20221124"
"AMLO-5CA1B6E67ED7","5CA1B6E67ED7008","ร.ต.อ.xxxx xxxxx_080-000-0153_ส.รฟ.สุวรรณภูมิ","E432C27719D8","20221124"
"AMLO-D8C850009051","D8C850009051008","ร.ต.อ.xxxx xxxxx_080-000-0154_สน.คลองตัน","E432C27719D8","20221124"
"AMLO-6C339A37913E","6C339A37913E008","ร.ต.อ.xxxx xxxxx_080-000-0155_สน.คันนายาว","E432C27719D8","20221124"
"AMLO-7E128577C0D8","7E128577C0D8008","ร.ต.อ.xxxx xxxxx_080-000-0156_สน.โคกคราม","E432C27719D8","20221124"
"AMLO-11155C2D7AC7","11155C2D7AC7008","ร.ต.อ.xxxx xxxxx_080-000-0157_สน.จรเข้น้อย","E432C27719D8","20221124"
"AMLO-E9A719ABC26F","E9A719ABC26F008","ร.ต.อ.xxxx xxxxx_080-000-0158_สน.จักรวรรดิ","E432C27719D8","20221124"
"AMLO-929FE1D445C7","929FE1D445C7008","ร.ต.อ.xxxx xxxxx_080-000-0159_สน.ฉลองกรุง","E432C27719D8","20221124"
"AMLO-6E421AA2AAA4","6E421AA2AAA4008","ร.ต.อ.xxxx xxxxx_080-000-0160_น.ชนะสงคราม","E432C27719D8","20221124"
"AMLO-78424D449193","78424D449193008","ร.ต.อ.xxxx xxxxx_080-000-0161_สน.โชคชัย","E432C27719D8","20221124"
"AMLO-441D7C55D71E","441D7C55D71E008","ร.ต.อ.xxxx xxxxx_080-000-0162_สน.ดอนเมือง","E432C27719D8","20221124"
"AMLO-177AA9BED7C4","177AA9BED7C4008","ร.ต.อ.xxxx xxxxx_080-000-0163_สน.ดินแดง","E432C27719D8","20221124"
"AMLO-A1B5A8B6BCFA","A1B5A8B6BCFA008","ร.ต.อ.xxxx xxxxx_080-000-0164_สน.ดุสิต","E432C27719D8","20221124"
"AMLO-B3B92B98784B","B3B92B98784B008","ร.ต.อ.xxxx xxxxx_080-000-0165_สน.ตลาดพลู","E432C27719D8","20221124"
"AMLO-CF23B45B5043","CF23B45B5043008","ร.ต.อ.xxxx xxxxx_080-000-0166_สน.ตลิ่งชัน","E432C27719D8","20221124"
"AMLO-CEBB25809A9B","CEBB25809A9B008","ร.ต.อ.xxxx xxxxx_080-000-0167_สน.เตาปูน","E432C27719D8","20221124"
"AMLO-FA228FC03AEE","FA228FC03AEE008","ร.ต.อ.xxxx xxxxx_080-000-0168_สน.ทองหล่อ","E432C27719D8","20221124"
"AMLO-581F5E75B51E","581F5E75B51E008","ร.ต.อ.xxxx xxxxx_080-000-0169_สน.ท่าข้าม","E432C27719D8","20221124"
"AMLO-2D727F2DAF88","2D727F2DAF88008","ร.ต.อ.xxxx xxxxx_080-000-0170_สน.ท่าพระ","E432C27719D8","20221124"
"AMLO-1B65D7B5E7B4","1B65D7B5E7B4008","ร.ต.อ.xxxx xxxxx_080-000-0171_สน.ท่าเรือ","E432C27719D8","20221124"
"AMLO-A9769E69DC77","A9769E69DC77008","ร.ต.อ.xxxx xxxxx_080-000-0172_สน.ทุ่งครุ","E432C27719D8","20221124"
"AMLO-42B126FC7EED","42B126FC7EED008","ร.ต.อ.xxxx xxxxx_080-000-0173_สน.ทุ่งมหาเมฆ","E432C27719D8","20221124"
"AMLO-99BF9521BFE5","99BF9521BFE5008","ร.ต.อ.xxxx xxxxx_080-000-0174_สน.ทุ่งสองห้อง","E432C27719D8","20221124"
"AMLO-E864DF5BC3F0","E864DF5BC3F0008","ร.ต.อ.xxxx xxxxx_080-000-0175_สน.เทียนทะเล","E432C27719D8","20221124"
"AMLO-42DB2F04CE2D","42DB2F04CE2D008","ร.ต.อ.xxxx xxxxx_080-000-0176_สน.ธรรมศาลา","E432C27719D8","20221124"
"AMLO-5BC23D1EDA53","5BC23D1EDA53008","ร.ต.อ.xxxx xxxxx_080-000-0177_น.นางเลิ้ง","E432C27719D8","20221124"
"AMLO-EA4DAFEB87A6","EA4DAFEB87A6008","ร.ต.อ.xxxx xxxxx_080-000-0178_สน.นิมิตใหม่","E432C27719D8","20221124"
"AMLO-0F90C0AA1AA4","0F90C0AA1AA4008","ร.ต.อ.xxxx xxxxx_080-000-0179_สน.บวรมงคล","E432C27719D8","20221124"
"AMLO-233410F74C0F","233410F74C0F008","ร.ต.อ.xxxx xxxxx_080-000-0180_สน.บางกอกน้อย","E432C27719D8","20221124"
"AMLO-F2604AF8C4BC","F2604AF8C4BC008","ร.ต.อ.xxxx xxxxx_080-000-0181_สน.บางกอกใหญ่","E432C27719D8","20221124"
"AMLO-31DEF47E3758","31DEF47E3758008","ร.ต.อ.xxxx xxxxx_080-000-0182_สน.บางขุนเทียน","E432C27719D8","20221124"
"AMLO-942350F0997B","942350F0997B008","ร.ต.อ.xxxx xxxxx_080-000-0183_สน.บางขุนนนท์","E432C27719D8","20221124"
"AMLO-50C0D787B96E","50C0D787B96E008","ร.ต.อ.xxxx xxxxx_080-000-0184_สน.บางเขน","E432C27719D8","20221124"
"AMLO-61ECE7379A11","61ECE7379A11008","ร.ต.อ.xxxx xxxxx_080-000-0185_สน.บางคอแหลม","E432C27719D8","20221124"
"AMLO-581E22D62303","581E22D62303008","ร.ต.อ.xxxx xxxxx_080-000-0186_สน.บางชัน","E432C27719D8","20221124"
"AMLO-FAF8DEA681ED","FAF8DEA681ED008","ร.ต.อ.xxxx xxxxx_080-000-0187_สน.บางซื่อ","E432C27719D8","20221124"
"AMLO-3BDE10DC72E3","3BDE10DC72E3008","ร.ต.อ.xxxx xxxxx_080-000-0188_สน.บางนา","E432C27719D8","20221124"
"AMLO-D2F13C397FC8","D2F13C397FC8008","ร.ต.อ.xxxx xxxxx_080-000-0189_สน.บางบอน","E432C27719D8","20221124"
"AMLO-BE68C3C53F6D","BE68C3C53F6D008","ร.ต.อ.xxxx xxxxx_080-000-0190_สน.บางพลัด","E432C27719D8","20221124"
"AMLO-FF867AEBF505","FF867AEBF505008","ร.ต.อ.xxxx xxxxx_080-000-0191_น.บางโพ","E432C27719D8","20221124"
"AMLO-968E5420567D","968E5420567D008","ร.ต.อ.xxxx xxxxx_080-000-0192_สน.บางโพงพาง","E432C27719D8","20221124"
"AMLO-F152D199C5F5","F152D199C5F5008","ร.ต.อ.xxxx xxxxx_080-000-0193_สน.บางมด","E432C27719D8","20221124"
"AMLO-9FA58087B6D4","9FA58087B6D4008","ร.ต.อ.xxxx xxxxx_080-000-0194_สน.บางยี่ขัน","E432C27719D8","20221124"
"AMLO-B406BD38955C","B406BD38955C008","ร.ต.อ.xxxx xxxxx_080-000-0195_สน.บางยี่เรือ","E432C27719D8","20221124"
"AMLO-F7DA48C660B7","F7DA48C660B7008","ร.ต.อ.xxxx xxxxx_080-000-0196_สน.บางรัก","E432C27719D8","20221124"
"AMLO-330764379EBE","330764379EBE008","ร.ต.อ.xxxx xxxxx_080-000-0197_สน.บางเสาธง","E432C27719D8","20221124"
"AMLO-66017EEDE125","66017EEDE125008","ร.ต.อ.xxxx xxxxx_080-000-0198_สน.บึงกุ่ม","E432C27719D8","20221124"
"AMLO-1C46BB9CEC67","1C46BB9CEC67008","ร.ต.อ.xxxx xxxxx_080-000-0199_สน.บุคคโล","E432C27719D8","20221124"
