"ENTITY_ID","SYS_ID","TYPE","COUNTRY_TYPE","COUNTRY_CODE","COUNTRY_DESC","MAIN_ENTRY","SUB_ENTITY_ID","BATCH_NO","BATCH_DATE"
"AMLO-BF8A9E8BC8E7","BF8A9E8BC8E7007","1","Nationality","","ไทย","0","","E432C27719D8","20221124"
"AMLO-E5670CFCB45D","E5670CFCB45D007","1","Nationality","","ไทย","0","","E432C27719D8","20221124"
"AMLO-E7EFE29EA1B5","E7EFE29EA1B5007","1","Nationality","","ไทย","0","","E432C27719D8","20221124"
"AMLO-22CCE25534C7","22CCE25534C7007","1","Nationality","","ไทย","0","","E432C27719D8","20221124"
"AMLO-D4677EEB1E42","D4677EEB1E42007","1","Nationality","","ไทย","0","","E432C27719D8","20221124"
"AMLO-EA94D1C72493","EA94D1C72493007","1","Nationality","","ไทย","0","","E432C27719D8","20221124"
"AMLO-80C9CF227810","80C9CF227810007","1","Nationality","","ไทย","0","","E432C27719D8","20221124"
"AMLO-5EE1C259ACE2","5EE1C259ACE2007","1","Nationality","","ไทย","0","","E432C27719D8","20221124"
"AMLO-AF8FD2C39157","AF8FD2C39157007","1","Nationality","","ไทย","0","","E432C27719D8","20221124"
"AMLO-E23A734272D8","E23A734272D8007","1","Nationality","","ไทย","0","","E432C27719D8","20221124"
"AMLO-03A91DA46166","03A91DA46166007","1","Nationality","","ไทย","0","","E432C27719D8","20221124"
"AMLO-BCB3FC5DDAC2","BCB3FC5DDAC2007","1","Nationality","","ไทย","0","","E432C27719D8","20221124"
"AMLO-F6EC18CBB7EF","F6EC18CBB7EF007","1","Nationality","","ไทย","0","","E432C27719D8","20221124"
"AMLO-68576661AD18","68576661AD18007","1","Nationality","","ไทย","0","","E432C27719D8","20221124"
"AMLO-DC5AC74E8C85","DC5AC74E8C85007","1","Nationality","","ไทย","0","","E432C27719D8","20221124"
"AMLO-FA059C36091E","FA059C36091E007","1","Nationality","","ไทย","0","","E432C27719D8","20221124"
"AMLO-B493BCB75F11","B493BCB75F11007","1","Nationality","","ไทย","0","","E432C27719D8","20221124"
"AMLO-9368F36D4A62","9368F36D4A62007","1","Nationality","","ไทย","0","","E432C27719D8","20221124"
"AMLO-BFE1087C02F3","BFE1087C02F3007","1","Nationality","","ไทย","0","","E432C27719D8","20221124"
"AMLO-010D5163D866","010D5163D866007","1","Nationality","","ไทย","0","","E432C27719D8","20221124"
"AMLO-F2EE66D5D4CB","F2EE66D5D4CB007","1","Nationality","","ไทย","0","","E432C27719D8","20221124"
"AMLO-83B92E724EB6","83B92E724EB6007","1","Nationality","","ไทย","0","","E432C27719D8","20221124"
"AMLO-20A7051FD591","20A7051FD591007","1","Nationality","","ไทย","0","","E432C27719D8","20221124"
"AMLO-76FA6172339F","76FA6172339F007","1","Nationality","","ไทย","0","","E432C27719D8","20221124"
"AMLO-D794B077F1B7","D794B077F1B7007","1","Nationality","","ไทย","0","","E432C27719D8","20221124"
"AMLO-7D3491696DA1","7D3491696DA1007","1","Nationality","","ไทย","0","","E432C27719D8","20221124"
"AMLO-02D72AE93026","02D72AE93026007","1","Nationality","","ไทย","0","","E432C27719D8","20221124"
"AMLO-4D6493DEEC96","4D6493DEEC96007","1","Nationality","","ไทย","0","","E432C27719D8","20221124"
"AMLO-7C91628DF96E","7C91628DF96E007","1","Nationality","","ไทย","0","","E432C27719D8","20221124"
"AMLO-E6D968E1DDA0","E6D968E1DDA0007","1","Nationality","","ไทย","0","","E432C27719D8","20221124"
"AMLO-47849529AB1D","47849529AB1D007","1","Nationality","","ไทย","0","","E432C27719D8","20221124"
"AMLO-2F68090425E2","2F68090425E2007","1","Nationality","","ไทย","0","","E432C27719D8","20221124"
"AMLO-1ECC966E499D","1ECC966E499D007","1","Nationality","","ไทย","0","","E432C27719D8","20221124"
"AMLO-9C159FD1B1FE","9C159FD1B1FE007","1","Nationality","","ไทย","0","","E432C27719D8","20221124"
"AMLO-E60E9D2EFC34","E60E9D2EFC34007","1","Nationality","","ไทย","0","","E432C27719D8","20221124"
"AMLO-2272386F6605","2272386F6605007","1","Nationality","","ไทย","0","","E432C27719D8","20221124"
"AMLO-6599C8BD20EA","6599C8BD20EA007","1","Nationality","","ไทย","0","","E432C27719D8","20221124"
"AMLO-08D3DE1416B0","08D3DE1416B0007","1","Nationality","","ไทย","0","","E432C27719D8","20221124"
"AMLO-9F422FE84834","9F422FE84834007","1","Nationality","","ไทย","0","","E432C27719D8","20221124"
"AMLO-0BB2248D285E","0BB2248D285E007","1","Nationality","","ไทย","0","","E432C27719D8","20221124"
"AMLO-17128A5B89E2","17128A5B89E2007","1","Nationality","","ไทย","0","","E432C27719D8","20221124"
"AMLO-943E84DEEED8","943E84DEEED8007","1","Nationality","","ไทย","0","","E432C27719D8","20221124"
"AMLO-95B4753CA4AB","95B4753CA4AB007","1","Nationality","","ไทย","0","","E432C27719D8","20221124"
"AMLO-49E3F7625EEB","49E3F7625EEB007","1","Nationality","","ไทย","0","","E432C27719D8","20221124"
"AMLO-DB8F1B304B3A","DB8F1B304B3A007","1","Nationality","","ไทย","0","","E432C27719D8","20221124"
"AMLO-4F8EDF47BD09","4F8EDF47BD09007","1","Nationality","","ไทย","0","","E432C27719D8","20221124"
"AMLO-53BA87676718","53BA87676718007","1","Nationality","","ไทย","0","","E432C27719D8","20221124"
"AMLO-CFBC790F068E","CFBC790F068E007","1","Nationality","","ไทย","0","","E432C27719D8","20221124"
"AMLO-A57AE66289C4","A57AE66289C4007","1","Nationality","","ไทย","0","","E432C27719D8","20221124"
"AMLO-5CDF07CA3DE6","5CDF07CA3DE6007","1","Nationality","","ไทย","0","","E432C27719D8","20221124"
"AMLO-63F45210C9CB","63F45210C9CB007","1","Nationality","","ไทย","0","","E432C27719D8","20221124"
"AMLO-A81B3210A11B","A81B3210A11B007","1","Nationality","","ไทย","0","","E432C27719D8","20221124"
"AMLO-C8519EEE0BE4","C8519EEE0BE4007","1","Nationality","","ไทย","0","","E432C27719D8","20221124"
"AMLO-5CA1B6E67ED7","5CA1B6E67ED7007","1","Nationality","","ไทย","0","","E432C27719D8","20221124"
"AMLO-D8C850009051","D8C850009051007","1","Nationality","","ไทย","0","","E432C27719D8","20221124"
"AMLO-6C339A37913E","6C339A37913E007","1","Nationality","","ไทย","0","","E432C27719D8","20221124"
"AMLO-7E128577C0D8","7E128577C0D8007","1","Nationality","","ไทย","0","","E432C27719D8","20221124"
"AMLO-11155C2D7AC7","11155C2D7AC7007","1","Nationality","","ไทย","0","","E432C27719D8","20221124"
"AMLO-E9A719ABC26F","E9A719ABC26F007","1","Nationality","","ไทย","0","","E432C27719D8","20221124"
"AMLO-929FE1D445C7","929FE1D445C7007","1","Nationality","","ไทย","0","","E432C27719D8","20221124"
"AMLO-6E421AA2AAA4","6E421AA2AAA4007","1","Nationality","","ไทย","0","","E432C27719D8","20221124"
"AMLO-78424D449193","78424D449193007","1","Nationality","","ไทย","0","","E432C27719D8","20221124"
"AMLO-441D7C55D71E","441D7C55D71E007","1","Nationality","","ไทย","0","","E432C27719D8","20221124"
"AMLO-177AA9BED7C4","177AA9BED7C4007","1","Nationality","","ไทย","0","","E432C27719D8","20221124"
"AMLO-A1B5A8B6BCFA","A1B5A8B6BCFA007","1","Nationality","","ไทย","0","","E432C27719D8","20221124"
"AMLO-B3B92B98784B","B3B92B98784B007","1","Nationality","","ไทย","0","","E432C27719D8","20221124"
"AMLO-CF23B45B5043","CF23B45B5043007","1","Nationality","","ไทย","0","","E432C27719D8","20221124"
"AMLO-CEBB25809A9B","CEBB25809A9B007","1","Nationality","","ไทย","0","","E432C27719D8","20221124"
"AMLO-FA228FC03AEE","FA228FC03AEE007","1","Nationality","","ไทย","0","","E432C27719D8","20221124"
"AMLO-581F5E75B51E","581F5E75B51E007","1","Nationality","","ไทย","0","","E432C27719D8","20221124"
"AMLO-2D727F2DAF88","2D727F2DAF88007","1","Nationality","","ไทย","0","","E432C27719D8","20221124"
"AMLO-1B65D7B5E7B4","1B65D7B5E7B4007","1","Nationality","","ไทย","0","","E432C27719D8","20221124"
"AMLO-A9769E69DC77","A9769E69DC77007","1","Nationality","","ไทย","0","","E432C27719D8","20221124"
"AMLO-42B126FC7EED","42B126FC7EED007","1","Nationality","","ไทย","0","","E432C27719D8","20221124"
"AMLO-99BF9521BFE5","99BF9521BFE5007","1","Nationality","","ไทย","0","","E432C27719D8","20221124"
"AMLO-E864DF5BC3F0","E864DF5BC3F0007","1","Nationality","","ไทย","0","","E432C27719D8","20221124"
"AMLO-42DB2F04CE2D","42DB2F04CE2D007","1","Nationality","","ไทย","0","","E432C27719D8","20221124"
"AMLO-5BC23D1EDA53","5BC23D1EDA53007","1","Nationality","","ไทย","0","","E432C27719D8","20221124"
"AMLO-EA4DAFEB87A6","EA4DAFEB87A6007","1","Nationality","","ไทย","0","","E432C27719D8","20221124"
"AMLO-0F90C0AA1AA4","0F90C0AA1AA4007","1","Nationality","","ไทย","0","","E432C27719D8","20221124"
"AMLO-233410F74C0F","233410F74C0F007","1","Nationality","","ไทย","0","","E432C27719D8","20221124"
"AMLO-F2604AF8C4BC","F2604AF8C4BC007","1","Nationality","","ไทย","0","","E432C27719D8","20221124"
"AMLO-31DEF47E3758","31DEF47E3758007","1","Nationality","","ไทย","0","","E432C27719D8","20221124"
"AMLO-942350F0997B","942350F0997B007","1","Nationality","","ไทย","0","","E432C27719D8","20221124"
"AMLO-50C0D787B96E","50C0D787B96E007","1","Nationality","","ไทย","0","","E432C27719D8","20221124"
"AMLO-61ECE7379A11","61ECE7379A11007","1","Nationality","","ไทย","0","","E432C27719D8","20221124"
"AMLO-581E22D62303","581E22D62303007","1","Nationality","","ไทย","0","","E432C27719D8","20221124"
"AMLO-FAF8DEA681ED","FAF8DEA681ED007","1","Nationality","","ไทย","0","","E432C27719D8","20221124"
"AMLO-3BDE10DC72E3","3BDE10DC72E3007","1","Nationality","","ไทย","0","","E432C27719D8","20221124"
"AMLO-D2F13C397FC8","D2F13C397FC8007","1","Nationality","","ไทย","0","","E432C27719D8","20221124"
"AMLO-BE68C3C53F6D","BE68C3C53F6D007","1","Nationality","","ไทย","0","","E432C27719D8","20221124"
"AMLO-FF867AEBF505","FF867AEBF505007","1","Nationality","","ไทย","0","","E432C27719D8","20221124"
"AMLO-968E5420567D","968E5420567D007","1","Nationality","","ไทย","0","","E432C27719D8","20221124"
"AMLO-F152D199C5F5","F152D199C5F5007","1","Nationality","","ไทย","0","","E432C27719D8","20221124"
"AMLO-9FA58087B6D4","9FA58087B6D4007","1","Nationality","","ไทย","0","","E432C27719D8","20221124"
"AMLO-B406BD38955C","B406BD38955C007","1","Nationality","","ไทย","0","","E432C27719D8","20221124"
"AMLO-F7DA48C660B7","F7DA48C660B7007","1","Nationality","","ไทย","0","","E432C27719D8","20221124"
"AMLO-330764379EBE","330764379EBE007","1","Nationality","","ไทย","0","","E432C27719D8","20221124"
"AMLO-66017EEDE125","66017EEDE125007","1","Nationality","","ไทย","0","","E432C27719D8","20221124"
"AMLO-1C46BB9CEC67","1C46BB9CEC67007","1","Nationality","","ไทย","0","","E432C27719D8","20221124"
