"ENTITY_ID","SYS_ID","NAME_TYPE","FIRST_NAME","MIDDLE_NAME","SURNAME","SUFFIX","ENTITY_NAME","ENGLISH_NAME","SINGLE_STRING_NAME","ORIGINAL_SCRIPT_NAME","FALSE_POSITIVE","FALSE_POSITIVE_EXPIRY_DT","APPROVAL_STATUS","SUB_ENTITY_ID","CATEGORY","HIGH_RISK_COUNTRY","HIGH_RISK_COUNTRY_SCORE","INFO_SOURCE","ORG_ID","ACTION","ID_REF_NO","BATCH_NO","BATCH_DATE"
"AMLO-BF8A9E8BC8E7","BF8A9E8BC8E7004","Primary Name","ณัท","","ณัฐวุฒิ","นางสาว","PERSON","","นางสาวณัท ณัฐวุฒิ","","0","0","0","","","","0","HR-03-1","","ADD","","E432C27719D8","20221124"
"AMLO-E5670CFCB45D","E5670CFCB45D004","Primary Name","ณิชนันทน์","","ณัท","นางสาว","PERSON","","นางสาวณิชนันทน์ ณัท","","0","0","0","","","","0","HR-03-1","","ADD","","E432C27719D8","20221124"
"AMLO-E7EFE29EA1B5","E7EFE29EA1B5004","Primary Name","ณิชมน","","ดรัณภพ","นางสาว","PERSON","","นางสาวณิชมน ดรัณภพ","","0","0","0","","","","0","HR-03-1","","ADD","","E432C27719D8","20221124"
"AMLO-22CCE25534C7","22CCE25534C7004","Primary Name","ณิชา","","ดรุนัย","นางสาว","PERSON","","นางสาวณิชา ดรุนัย","","0","0","0","","","","0","HR-03-1","","ADD","","E432C27719D8","20221124"
"AMLO-D4677EEB1E42","D4677EEB1E42004","Primary Name","ณิชาภา","","เดชวิทย์","นางสาว","PERSON","","นางสาวณิชาภา เดชวิทย์","","0","0","0","","","","0","HR-03-1","","ADD","","E432C27719D8","20221124"
"AMLO-EA94D1C72493","EA94D1C72493004","Primary Name","ดรัลพร","","ตรีวิทย์","นางสาว","PERSON","","นางสาวดรัลพร ตรีวิทย์","","0","0","0","","","","0","HR-03-1","","ADD","","E432C27719D8","20221124"
"AMLO-80C9CF227810","80C9CF227810004","Primary Name","ดลวา","","ตฤณ","นางสาว","PERSON","","นางสาวดลวา ตฤณ","","0","0","0","","","","0","HR-03-1","","ADD","","E432C27719D8","20221124"
"AMLO-5EE1C259ACE2","5EE1C259ACE2004","Primary Name","ดารินทร์","","ตฤณภัทร","นางสาว","PERSON","","นางสาวดารินทร์ ตฤณภัทร","","0","0","0","","","","0","HR-03-1","","ADD","","E432C27719D8","20221124"
"AMLO-AF8FD2C39157","AF8FD2C39157004","Primary Name","ดาวิกา","","ติณณภพ","นางสาว","PERSON","","นางสาวดาวิกา ติณณภพ","","0","0","0","","","","0","HR-03-1","","ADD","","E432C27719D8","20221124"
"AMLO-E23A734272D8","E23A734272D8004","Primary Name","ตีรณา","","ตุลย์","นางสาว","PERSON","","นางสาวตีรณา ตุลย์","","0","0","0","","","","0","HR-03-1","","ADD","","E432C27719D8","20221124"
"AMLO-03A91DA46166","03A91DA46166004","Primary Name","ทรัพย์ธนิดา","","ตุลยากร","นางสาว","PERSON","","นางสาวทรัพย์ธนิดา ตุลยากร","","0","0","0","","","","0","HR-03-1","","ADD","","E432C27719D8","20221124"
"AMLO-BCB3FC5DDAC2","BCB3FC5DDAC2004","Primary Name","ทิพย์สุดา","","เตชธรร","นางสาว","PERSON","","นางสาวทิพย์สุดา เตชธรร","","0","0","0","","","","0","HR-03-1","","ADD","","E432C27719D8","20221124"
"AMLO-F6EC18CBB7EF","F6EC18CBB7EF004","Primary Name","ทิษยา","","ไตรทศ","นางสาว","PERSON","","นางสาวทิษยา ไตรทศ","","0","0","0","","","","0","HR-03-1","","ADD","","E432C27719D8","20221124"
"AMLO-68576661AD18","68576661AD18004","Primary Name","เทวิกา","","ถวิต","นางสาว","PERSON","","นางสาวเทวิกา ถวิต","","0","0","0","","","","0","HR-03-1","","ADD","","E432C27719D8","20221124"
"AMLO-DC5AC74E8C85","DC5AC74E8C85004","Primary Name","ธนวรรณ","","ถามพัฒน์","นางสาว","PERSON","","นางสาวธนวรรณ ถามพัฒน์","","0","0","0","","","","0","HR-03-1","","ADD","","E432C27719D8","20221124"
"AMLO-FA059C36091E","FA059C36091E004","Primary Name","ธนาทิพย์","","ถิรพล","นางสาว","PERSON","","นางสาวธนาทิพย์ ถิรพล","","0","0","0","","","","0","HR-03-1","","ADD","","E432C27719D8","20221124"
"AMLO-B493BCB75F11","B493BCB75F11004","Primary Name","ธนารีย์","","ถิรพุทธ","นางสาว","PERSON","","นางสาวธนารีย์ ถิรพุทธ","","0","0","0","","","","0","HR-03-1","","ADD","","E432C27719D8","20221124"
"AMLO-9368F36D4A62","9368F36D4A62004","Primary Name","ธนิดา","","ถิระคุณ","นางสาว","PERSON","","นางสาวธนิดา ถิระคุณ","","0","0","0","","","","0","HR-03-1","","ADD","","E432C27719D8","20221124"
"AMLO-BFE1087C02F3","BFE1087C02F3004","Primary Name","ธนิสร","","โถมนะ","นางสาว","PERSON","","นางสาวธนิสร โถมนะ","","0","0","0","","","","0","HR-03-1","","ADD","","E432C27719D8","20221124"
"AMLO-010D5163D866","010D5163D866004","Primary Name","ธนิสรา","","ทีปกร","นางสาว","PERSON","","นางสาวธนิสรา ทีปกร","","0","0","0","","","","0","HR-03-1","","ADD","","E432C27719D8","20221124"
"AMLO-F2EE66D5D4CB","F2EE66D5D4CB004","Primary Name","ธมน","","ธนชาญ","นางสาว","PERSON","","นางสาวธมน ธนชาญ","","0","0","0","","","","0","HR-03-1","","ADD","","E432C27719D8","20221124"
"AMLO-83B92E724EB6","83B92E724EB6004","Primary Name","ธยาดา","","ธนพล","นางสาว","PERSON","","นางสาวธยาดา ธนพล","","0","0","0","","","","0","HR-03-1","","ADD","","E432C27719D8","20221124"
"AMLO-20A7051FD591","20A7051FD591004","Primary Name","ธยานี","","ธนพัฒน์","นางสาว","PERSON","","นางสาวธยานี ธนพัฒน์","","0","0","0","","","","0","HR-03-1","","ADD","","E432C27719D8","20221124"
"AMLO-76FA6172339F","76FA6172339F004","Primary Name","ธรรมรัตน์","","ธนพัต","นางสาว","PERSON","","นางสาวธรรมรัตน์ ธนพัต","","0","0","0","","","","0","HR-03-1","","ADD","","E432C27719D8","20221124"
"AMLO-D794B077F1B7","D794B077F1B7004","Primary Name","ธรรมิกา","","ธนภัทร","นางสาว","PERSON","","นางสาวธรรมิกา ธนภัทร","","0","0","0","","","","0","HR-03-1","","ADD","","E432C27719D8","20221124"
"AMLO-7D3491696DA1","7D3491696DA1004","Primary Name","ธัญญรัตน์","","ธนภูมิ","นางสาว","PERSON","","นางสาวธัญญรัตน์ ธนภูมิ","","0","0","0","","","","0","HR-03-1","","ADD","","E432C27719D8","20221124"
"AMLO-02D72AE93026","02D72AE93026004","Primary Name","ธัญญา","","ธนวรรธน์","นางสาว","PERSON","","นางสาวธัญญา ธนวรรธน์","","0","0","0","","","","0","HR-03-1","","ADD","","E432C27719D8","20221124"
"AMLO-4D6493DEEC96","4D6493DEEC96004","Primary Name","ธัญพร","","ธนวิทย์","นางสาว","PERSON","","นางสาวธัญพร ธนวิทย์","","0","0","0","","","","0","HR-03-1","","ADD","","E432C27719D8","20221124"
"AMLO-7C91628DF96E","7C91628DF96E004","Primary Name","ธันยกานต์","","ธนเสฏฐ์","นางสาว","PERSON","","นางสาวธันยกานต์ ธนเสฏฐ์","","0","0","0","","","","0","HR-03-1","","ADD","","E432C27719D8","20221124"
"AMLO-E6D968E1DDA0","E6D968E1DDA0004","Primary Name","ธารมิกา","","ธนัช","นางสาว","PERSON","","นางสาวธารมิกา ธนัช","","0","0","0","","","","0","HR-03-1","","ADD","","E432C27719D8","20221124"
"AMLO-47849529AB1D","47849529AB1D004","Primary Name","ธาริกา","","ธนัท","นางสาว","PERSON","","นางสาวธาริกา ธนัท","","0","0","0","","","","0","HR-03-1","","ADD","","E432C27719D8","20221124"
"AMLO-2F68090425E2","2F68090425E2004","Primary Name","ธาวัน","","ธนัท","นางสาว","PERSON","","นางสาวธาวัน ธนัท","","0","0","0","","","","0","HR-03-1","","ADD","","E432C27719D8","20221124"
"AMLO-1ECC966E499D","1ECC966E499D004","Primary Name","ธาวัลย์","","ธนา","นางสาว","PERSON","","นางสาวธาวัลย์ ธนา","","0","0","0","","","","0","HR-03-1","","ADD","","E432C27719D8","20221124"
"AMLO-9C159FD1B1FE","9C159FD1B1FE004","Primary Name","ธิญา","","ธนากรณ์","นางสาว","PERSON","","นางสาวธิญา ธนากรณ์","","0","0","0","","","","0","HR-03-1","","ADD","","E432C27719D8","20221124"
"AMLO-E60E9D2EFC34","E60E9D2EFC34004","Primary Name","ธิดา","","ธนาธง","นางสาว","PERSON","","นางสาวธิดา ธนาธง","","0","0","0","","","","0","HR-03-1","","ADD","","E432C27719D8","20221124"
"AMLO-2272386F6605","2272386F6605004","Primary Name","ธิติรัตน์","","ธนาธร","นางสาว","PERSON","","นางสาวธิติรัตน์ ธนาธร","","0","0","0","","","","0","HR-03-1","","ADD","","E432C27719D8","20221124"
"AMLO-6599C8BD20EA","6599C8BD20EA004","Primary Name","ธีรยา","","ธนาธิป","นางสาว","PERSON","","นางสาวธีรยา ธนาธิป","","0","0","0","","","","0","HR-03-1","","ADD","","E432C27719D8","20221124"
"AMLO-08D3DE1416B0","08D3DE1416B0004","Primary Name","นภัสสร","","ธนาบดี","นางสาว","PERSON","","นางสาวนภัสสร ธนาบดี","","0","0","0","","","","0","HR-03-1","","ADD","","E432C27719D8","20221124"
"AMLO-9F422FE84834","9F422FE84834004","Primary Name","นรียา","","ธนิตย์","นางสาว","PERSON","","นางสาวนรียา ธนิตย์","","0","0","0","","","","0","HR-03-1","","ADD","","E432C27719D8","20221124"
"AMLO-0BB2248D285E","0BB2248D285E004","Primary Name","นรีรัตน์","","ธนินท์","นางสาว","PERSON","","นางสาวนรีรัตน์ ธนินท์","","0","0","0","","","","0","HR-03-1","","ADD","","E432C27719D8","20221124"
"AMLO-17128A5B89E2","17128A5B89E2004","Primary Name","นรุตมา","","ธนินทร์","นางสาว","PERSON","","นางสาวนรุตมา ธนินทร์","","0","0","0","","","","0","HR-03-1","","ADD","","E432C27719D8","20221124"
"AMLO-943E84DEEED8","943E84DEEED8004","Primary Name","นวตา","","ธเนษฐ","นางสาว","PERSON","","นางสาวนวตา ธเนษฐ","","0","0","0","","","","0","HR-03-1","","ADD","","E432C27719D8","20221124"
"AMLO-95B4753CA4AB","95B4753CA4AB004","Primary Name","นวพร","","ธรรมนิตย์","นางสาว","PERSON","","นางสาวนวพร ธรรมนิตย์","","0","0","0","","","","0","HR-03-1","","ADD","","E432C27719D8","20221124"
"AMLO-49E3F7625EEB","49E3F7625EEB004","Primary Name","นวมล","","ธรรมภณ","นางสาว","PERSON","","นางสาวนวมล ธรรมภณ","","0","0","0","","","","0","HR-03-1","","ADD","","E432C27719D8","20221124"
"AMLO-DB8F1B304B3A","DB8F1B304B3A004","Primary Name","นวรัตน์","","ธราธิป","นางสาว","PERSON","","นางสาวนวรัตน์ ธราธิป","","0","0","0","","","","0","HR-03-1","","ADD","","E432C27719D8","20221124"
"AMLO-4F8EDF47BD09","4F8EDF47BD09004","Primary Name","นวิยา","","ธฤติพันธ์","นางสาว","PERSON","","นางสาวนวิยา ธฤติพันธ์","","0","0","0","","","","0","HR-03-1","","ADD","","E432C27719D8","20221124"
"AMLO-53BA87676718","53BA87676718004","Primary Name","นวิศา","","ธัชพล","นางสาว","PERSON","","นางสาวนวิศา ธัชพล","","0","0","0","","","","0","HR-03-1","","ADD","","E432C27719D8","20221124"
"AMLO-CFBC790F068E","CFBC790F068E004","Primary Name","นัทธ์","","ธาม","นางสาว","PERSON","","นางสาวนัทธ์ ธาม","","0","0","0","","","","0","HR-03-1","","ADD","","E432C27719D8","20221124"
"AMLO-A57AE66289C4","A57AE66289C4004","Primary Name","นันท์นพิน","","ธารา","นางสาว","PERSON","","นางสาวนันท์นพิน ธารา","","0","0","0","","","","0","HR-03-1","","ADD","","E432C27719D8","20221124"
"AMLO-5CDF07CA3DE6","5CDF07CA3DE6004","Primary Name","นันทิชา","","ธาริน","นางสาว","PERSON","","นางสาวนันทิชา ธาริน","","0","0","0","","","","0","HR-03-1","","ADD","","E432C27719D8","20221124"
"AMLO-63F45210C9CB","63F45210C9CB004","Primary Name","นันทิญา","","ธาวัน","นางสาว","PERSON","","นางสาวนันทิญา ธาวัน","","0","0","0","","","","0","HR-03-1","","ADD","","E432C27719D8","20221124"
"AMLO-A81B3210A11B","A81B3210A11B004","Primary Name","นันทิพร","","ธาวิน","นางสาว","PERSON","","นางสาวนันทิพร ธาวิน","","0","0","0","","","","0","HR-03-1","","ADD","","E432C27719D8","20221124"
"AMLO-C8519EEE0BE4","C8519EEE0BE4004","Primary Name","นาถธรรม","","ธิติรัตน์","นางสาว","PERSON","","นางสาวนาถธรรม ธิติรัตน์","","0","0","0","","","","0","HR-03-1","","ADD","","E432C27719D8","20221124"
"AMLO-5CA1B6E67ED7","5CA1B6E67ED7004","Primary Name","นาถินี","","ธีภพ","นางสาว","PERSON","","นางสาวนาถินี ธีภพ","","0","0","0","","","","0","HR-03-1","","ADD","","E432C27719D8","20221124"
"AMLO-D8C850009051","D8C850009051004","Primary Name","นิชกานต์","","ธีรญาณ","นางสาว","PERSON","","นางสาวนิชกานต์ ธีรญาณ","","0","0","0","","","","0","HR-03-1","","ADD","","E432C27719D8","20221124"
"AMLO-6C339A37913E","6C339A37913E004","Primary Name","นิชาภรณ์","","นที","นางสาว","PERSON","","นางสาวนิชาภรณ์ นที","","0","0","0","","","","0","HR-03-1","","ADD","","E432C27719D8","20221124"
"AMLO-7E128577C0D8","7E128577C0D8004","Primary Name","นิตย์รดี","","นนท์","นางสาว","PERSON","","นางสาวนิตย์รดี นนท์","","0","0","0","","","","0","HR-03-1","","ADD","","E432C27719D8","20221124"
"AMLO-11155C2D7AC7","11155C2D7AC7004","Primary Name","นิพิฐ","","นนทิน","นางสาว","PERSON","","นางสาวนิพิฐ นนทิน","","0","0","0","","","","0","HR-03-1","","ADD","","E432C27719D8","20221124"
"AMLO-E9A719ABC26F","E9A719ABC26F004","Primary Name","นิภา","","นรวร","นางสาว","PERSON","","นางสาวนิภา นรวร","","0","0","0","","","","0","HR-03-1","","ADD","","E432C27719D8","20221124"
"AMLO-929FE1D445C7","929FE1D445C7004","Primary Name","นิรณา","","นริศ","นางสาว","PERSON","","นางสาวนิรณา นริศ","","0","0","0","","","","0","HR-03-1","","ADD","","E432C27719D8","20221124"
"AMLO-6E421AA2AAA4","6E421AA2AAA4004","Primary Name","นิรดา","","นเรศ","นางสาว","PERSON","","นางสาวนิรดา นเรศ","","0","0","0","","","","0","HR-03-1","","ADD","","E432C27719D8","20221124"
"AMLO-78424D449193","78424D449193004","Primary Name","นิรมัท","","นโรตม์","นางสาว","PERSON","","นางสาวนิรมัท นโรตม์","","0","0","0","","","","0","HR-03-1","","ADD","","E432C27719D8","20221124"
"AMLO-441D7C55D71E","441D7C55D71E004","Primary Name","นิษฐา","","นัทธ์","นางสาว","PERSON","","นางสาวนิษฐา นัทธ์","","0","0","0","","","","0","HR-03-1","","ADD","","E432C27719D8","20221124"
"AMLO-177AA9BED7C4","177AA9BED7C4004","Primary Name","นิษฐา","","นัทธา","นางสาว","PERSON","","นางสาวนิษฐา นัทธา","","0","0","0","","","","0","HR-03-1","","ADD","","E432C27719D8","20221124"
"AMLO-A1B5A8B6BCFA","A1B5A8B6BCFA004","Primary Name","นีรา","","นัทนิธิ","นางสาว","PERSON","","นางสาวนีรา นัทนิธิ","","0","0","0","","","","0","HR-03-1","","ADD","","E432C27719D8","20221124"
"AMLO-B3B92B98784B","B3B92B98784B004","Primary Name","บงกช","","นันยศ","นางสาว","PERSON","","นางสาวบงกช นันยศ","","0","0","0","","","","0","HR-03-1","","ADD","","E432C27719D8","20221124"
"AMLO-CF23B45B5043","CF23B45B5043004","Primary Name","บรรณวรรณ","","นิติธร","นางสาว","PERSON","","นางสาวบรรณวรรณ นิติธร","","0","0","0","","","","0","HR-03-1","","ADD","","E432C27719D8","20221124"
"AMLO-CEBB25809A9B","CEBB25809A9B004","Primary Name","บวรนันท์","","นิมมาน","นางสาว","PERSON","","นางสาวบวรนันท์ นิมมาน","","0","0","0","","","","0","HR-03-1","","ADD","","E432C27719D8","20221124"
"AMLO-FA228FC03AEE","FA228FC03AEE004","Primary Name","บวรรัช","","นิรัช","นางสาว","PERSON","","นางสาวบวรรัช นิรัช","","0","0","0","","","","0","HR-03-1","","ADD","","E432C27719D8","20221124"
"AMLO-581F5E75B51E","581F5E75B51E004","Primary Name","บาลิกา ","","เนกษ์","นางสาว","PERSON","","นางสาวบาลิกา  เนกษ์","","0","0","0","","","","0","HR-03-1","","ADD","","E432C27719D8","20221124"
"AMLO-2D727F2DAF88","2D727F2DAF88004","Primary Name","บุญญาพร","","บดินทร์","นางสาว","PERSON","","นางสาวบุญญาพร บดินทร์","","0","0","0","","","","0","HR-03-1","","ADD","","E432C27719D8","20221124"
"AMLO-1B65D7B5E7B4","1B65D7B5E7B4004","Primary Name","บุญนิสา","","บดินทร์","นางสาว","PERSON","","นางสาวบุญนิสา บดินทร์","","0","0","0","","","","0","HR-03-1","","ADD","","E432C27719D8","20221124"
"AMLO-A9769E69DC77","A9769E69DC77004","Primary Name","บุษลิน","","บริบาล","นางสาว","PERSON","","นางสาวบุษลิน บริบาล","","0","0","0","","","","0","HR-03-1","","ADD","","E432C27719D8","20221124"
"AMLO-42B126FC7EED","42B126FC7EED004","Primary Name","เบญจมาศ","","บริภต","นางสาว","PERSON","","นางสาวเบญจมาศ บริภต","","0","0","0","","","","0","HR-03-1","","ADD","","E432C27719D8","20221124"
"AMLO-99BF9521BFE5","99BF9521BFE5004","Primary Name","ปฐมพร","","บริวัตร","นางสาว","PERSON","","นางสาวปฐมพร บริวัตร","","0","0","0","","","","0","HR-03-1","","ADD","","E432C27719D8","20221124"
"AMLO-E864DF5BC3F0","E864DF5BC3F0004","Primary Name","ปฐมา","","บวรทัต","นางสาว","PERSON","","นางสาวปฐมา บวรทัต","","0","0","0","","","","0","HR-03-1","","ADD","","E432C27719D8","20221124"
"AMLO-42DB2F04CE2D","42DB2F04CE2D004","Primary Name","ปภาดา","","บวรพจน์","นางสาว","PERSON","","นางสาวปภาดา บวรพจน์","","0","0","0","","","","0","HR-03-1","","ADD","","E432C27719D8","20221124"
"AMLO-5BC23D1EDA53","5BC23D1EDA53004","Primary Name","ปภาวดี","","บวรวิทย์ ","นางสาว","PERSON","","นางสาวปภาวดี บวรวิทย์ ","","0","0","0","","","","0","HR-03-1","","ADD","","E432C27719D8","20221124"
"AMLO-EA4DAFEB87A6","EA4DAFEB87A6004","Primary Name","ปรางทิพย์","","บัณทัต","นางสาว","PERSON","","นางสาวปรางทิพย์ บัณทัต","","0","0","0","","","","0","HR-03-1","","ADD","","E432C27719D8","20221124"
"AMLO-0F90C0AA1AA4","0F90C0AA1AA4004","Primary Name","ปริศนา","","บัลยงก์","นางสาว","PERSON","","นางสาวปริศนา บัลยงก์","","0","0","0","","","","0","HR-03-1","","ADD","","E432C27719D8","20221124"
"AMLO-233410F74C0F","233410F74C0F004","Primary Name","ปรียา","","บัลลังค์","นางสาว","PERSON","","นางสาวปรียา บัลลังค์","","0","0","0","","","","0","HR-03-1","","ADD","","E432C27719D8","20221124"
"AMLO-F2604AF8C4BC","F2604AF8C4BC004","Primary Name","ปรียาดา","","บุณพจน์","นางสาว","PERSON","","นางสาวปรียาดา บุณพจน์","","0","0","0","","","","0","HR-03-1","","ADD","","E432C27719D8","20221124"
"AMLO-31DEF47E3758","31DEF47E3758004","Primary Name","ปรียาภัทร","","บุณยภู","นางสาว","PERSON","","นางสาวปรียาภัทร บุณยภู","","0","0","0","","","","0","HR-03-1","","ADD","","E432C27719D8","20221124"
"AMLO-942350F0997B","942350F0997B004","Primary Name","ปรียาวดี","","บุรี","นางสาว","PERSON","","นางสาวปรียาวดี บุรี","","0","0","0","","","","0","HR-03-1","","ADD","","E432C27719D8","20221124"
"AMLO-50C0D787B96E","50C0D787B96E004","Primary Name","ปฤษณา","","บุลากร","นางสาว","PERSON","","นางสาวปฤษณา บุลากร","","0","0","0","","","","0","HR-03-1","","ADD","","E432C27719D8","20221124"
"AMLO-61ECE7379A11","61ECE7379A11004","Primary Name","ปวัญญา","","ปภาวิน","นางสาว","PERSON","","นางสาวปวัญญา ปภาวิน","","0","0","0","","","","0","HR-03-1","","ADD","","E432C27719D8","20221124"
"AMLO-581E22D62303","581E22D62303004","Primary Name","ปวันรัตน์","","ประพล","นางสาว","PERSON","","นางสาวปวันรัตน์ ประพล","","0","0","0","","","","0","HR-03-1","","ADD","","E432C27719D8","20221124"
"AMLO-FAF8DEA681ED","FAF8DEA681ED004","Primary Name","ปวิตรา","","ปริญ ","นางสาว","PERSON","","นางสาวปวิตรา ปริญ ","","0","0","0","","","","0","HR-03-1","","ADD","","E432C27719D8","20221124"
"AMLO-3BDE10DC72E3","3BDE10DC72E3004","Primary Name","ปวิมล","","ปริญญา","นางสาว","PERSON","","นางสาวปวิมล ปริญญา","","0","0","0","","","","0","HR-03-1","","ADD","","E432C27719D8","20221124"
"AMLO-D2F13C397FC8","D2F13C397FC8004","Primary Name","ปวีณา","","ปริญญา","นางสาว","PERSON","","นางสาวปวีณา ปริญญา","","0","0","0","","","","0","HR-03-1","","ADD","","E432C27719D8","20221124"
"AMLO-BE68C3C53F6D","BE68C3C53F6D004","Primary Name","ปัณฑ์","","ปริรม","นางสาว","PERSON","","นางสาวปัณฑ์ ปริรม","","0","0","0","","","","0","HR-03-1","","ADD","","E432C27719D8","20221124"
"AMLO-FF867AEBF505","FF867AEBF505004","Primary Name","ปัณฑา","","ปวัตร","นางสาว","PERSON","","นางสาวปัณฑา ปวัตร","","0","0","0","","","","0","HR-03-1","","ADD","","E432C27719D8","20221124"
"AMLO-968E5420567D","968E5420567D004","Primary Name","ปัณยตา","","ปวิช","นางสาว","PERSON","","นางสาวปัณยตา ปวิช","","0","0","0","","","","0","HR-03-1","","ADD","","E432C27719D8","20221124"
"AMLO-F152D199C5F5","F152D199C5F5004","Primary Name","ปัถย์","","ปวิชญา","นางสาว","PERSON","","นางสาวปัถย์ ปวิชญา","","0","0","0","","","","0","HR-03-1","","ADD","","E432C27719D8","20221124"
"AMLO-9FA58087B6D4","9FA58087B6D4004","Primary Name","ปาณิตา","","ปวิตร","นางสาว","PERSON","","นางสาวปาณิตา ปวิตร","","0","0","0","","","","0","HR-03-1","","ADD","","E432C27719D8","20221124"
"AMLO-B406BD38955C","B406BD38955C004","Primary Name","ปาณิศา","","ปวิน","นางสาว","PERSON","","นางสาวปาณิศา ปวิน","","0","0","0","","","","0","HR-03-1","","ADD","","E432C27719D8","20221124"
"AMLO-F7DA48C660B7","F7DA48C660B7004","Primary Name","ปาณิสรา","","ป้องเกียรติ","นางสาว","PERSON","","นางสาวปาณิสรา ป้องเกียรติ","","0","0","0","","","","0","HR-03-1","","ADD","","E432C27719D8","20221124"
"AMLO-330764379EBE","330764379EBE004","Primary Name","ปาริยา","","ปองเดช","นางสาว","PERSON","","นางสาวปาริยา ปองเดช","","0","0","0","","","","0","HR-03-1","","ADD","","E432C27719D8","20221124"
"AMLO-66017EEDE125","66017EEDE125004","Primary Name","ปาลิกา","","ปองพล","นางสาว","PERSON","","นางสาวปาลิกา ปองพล","","0","0","0","","","","0","HR-03-1","","ADD","","E432C27719D8","20221124"
"AMLO-1C46BB9CEC67","1C46BB9CEC67004","Primary Name","ปิยะดา","","ปองพล","นางสาว","PERSON","","นางสาวปิยะดา ปองพล","","0","0","0","","","","0","HR-03-1","","ADD","","E432C27719D8","20221124"
